Site,Date,Week #,Month,Year,Period,Week,Quarter,Gross Sales,Net sales,Checks,Av Daily,Labour £,Labour %,Hours,Covers/Hour Productivity,Sales/Hour,Hours/Sales,Hours/Cover,Av Check,Av Check Site,GOS,NPS,Google,COGS,COGS%,Team review,Whole Cake,Slice Cake,Audit,Logit,Litmos,Items Sold,Food Eat in £,Food T/O £,Drink Eat in £,Drink T/O £,WholeSale,Catering,Catering- Partner,Other,Deliveroo,Just Eat,Uber Eats,Fantuan
BPS,23/10/2022,42,October,2022,10,4,4,51668,44681,4355,6383,21994,0.4922,,,,,,10.26,0,83,65,3.6,,,,,,,,,,,,,,,,,,,,,
BPS,30/10/2022,43,October,2022,11,1,4,49359,42416,4021,6059,20002,0.4716,,,,,,10.55,0,81,67,3.7,,,,,,,,,,,,,,,,,,,,,
BPS,06/11/2022,44,November,2022,11,2,4,42705,36733,3742,5248,21040,0.5728,,,,,,9.82,0,74,33,3.8,,,,,,,,,,,,,,,,,,,,,
BPS,13/11/2022,45,November,2022,11,3,4,37162,31971,3129,4567,17927,0.5607,,,,,,10.22,0,72,32,3.8,,,,,,77,5.9,,,,,,,,,,,,,,
BPS,20/11/2022,46,November,2022,11,4,4,36111,31026,3083,4432,16336,0.5265,,,,,,10.06,0,68,27,3.5,,,,,,77,,,,,,,,,,,,,,,
HSK,20/11/2022,46,November,2022,11,4,4,11168,9955,1153,1422,7973,0.8009,,,,,,8.63,0,88,70,4.2,,,,,,,,,,,,,,,,,,,,,
BPS,27/11/2022,47,November,2022,12,1,4,35132,30065,2963,4295,16351,0.5439,,,,,,10.15,0,83,61,3.6,,,,,,77,,,,,,,,,,,,,,,
HSK,27/11/2022,47,November,2022,12,1,4,21453,19047,2250,2721,11233,0.5898,,,,,,8.47,0,83,58,4.4,,,,,,,,,,,,,,,,,,,,,
BPS,04/12/2022,48,December,2022,12,2,4,36356,31213,2900,4459,16189,0.5186,,,,,,10.76,0,80,46,3.6,,,,,,77,,,,,,,,,,,,,,,
HSK,04/12/2022,48,November,2022,12,2,4,22244,19704,2366,2815,10936,0.555,,,,,,8.33,0,86,60,4.5,,,,,,,,,,,,,,,,,,,,,
BPS,11/12/2022,49,December,2022,12,3,4,36232,30943,3011,4420,14248,0.4605,,,,,,10.28,0,75,39,3.7,,,,,,77,,,,,,,,,,,,,,,
HSK,11/12/2022,49,December,2022,12,3,4,22294,19630,2309,2804,10638,0.5419,,,,,,8.5,0,92,74,4.6,,,,,,,,,,,,,,,,,,,,,
BPS,18/12/2022,50,December,2022,12,4,4,29593,25295,2480,3614,12642,0.4998,,,,,,10.2,0,75,41,3.7,,,,,,77,,,,,,,,,,,,,,,
HSK,18/12/2022,50,December,2022,12,4,4,18585,16481,1931,2354,10444,0.6337,,,,,,8.53,0,89,67,4.7,,,,,,,,,,,,,,,,,,,,,
BPS,25/12/2022,51,December,2022,12,5,4,28456,24356,2291,3479,11215,0.4605,,,,,,10.63,0,83,57,3.6,,,,,,77,,,,,,,,,,,,,,,
HSK,25/12/2022,51,December,2022,12,5,4,15640,13906,1599,1987,8572,0.6164,,,,,,8.7,0,69,32,4.8,,,,,,,,,,,,,,,,,,,,,
BPS,01/01/2023,52,December,2022,1,1,1,44902,38256,3028,5465,11843,0.3096,767.2,3.95,,,,12.63,12.63,82,57,3.6,,,,,,77,6.6,,,18145.27,9308.65,7869.21,2932.87,,,,,,,,
HSK,01/01/2023,52,December,2022,1,1,1,19883,17547,1843,2507,9274,0.5285,597.45,3.08,,,,9.52,9.52,75,20,4.8,,,,,,,6.8,,,4832.85,8734.27,2576.79,1402.82,,,,,,,,
BPS,08/01/2023,1,January,2023,1,2,1,29777,25364,2452,3623,12759,0.5031,835.3,2.94,,,,10.34,10.45,93,80,3.9,,,,,,77,7.9,,,11416.08,7495.1,4931.38,1792.04,,,,,,,,
HSK,08/01/2023,1,January,2023,1,2,1,18425,16231,1925,2319,10098,0.6221,641.63,3,,,,8.43,9.72,84,43,4.8,,,,,,,7.5,,,5213.15,9284.68,2573.7,1636.28,,,,,,,,
BPS,15/01/2023,2,January,2023,1,3,1,26966,23265,2349,3324,13249,0.5695,861.35,2.73,,,,9.9,9.91,77,43,3.9,,,,,,77,8.5,,,10578.06,6012.1,5176.53,1502.92,,,,,,,,
HSK,15/01/2023,2,January,2023,1,3,1,18206,16185,2036,2312,10168,0.6282,639.27,3.18,,,,7.95,9.13,91,80,4.8,,,,,,,8.6,,,4700.34,9705.89,2470.32,1713.61,,,,,,,,
BPS,22/01/2023,3,January,2023,1,4,1,25255,24333,2516,3476,12078,0.4964,796.68,3.16,,,,9.67,9.68,73,14,4.8,,,,,,77,8.6,,,10678.75,6700.28,5292.96,1677.02,,,,,,,,
HSK,22/01/2023,3,January,2023,1,4,1,18743,18131,2145,2590,10142,0.5594,514.58,4.17,,,,8.45,9.99,91,80,4.7,,,,,,,8.1,,,5217.76,11461.43,2911.32,1838.79,,,,,,,,
BPS,29/01/2023,4,January,2023,2,1,1,25444,24383,2429,3483,13768,0.5647,892.23,2.72,,,,10.04,9.98,85,33,4,,,,,,77,8.2,53,,10761.64,6417.35,5550.84,1507.52,,,,,,,,
HSK,29/01/2023,4,January,2023,2,1,1,18314,17640,2206,2520,12770,0.7239,801.95,2.75,,,,8,9.55,80,50,4.7,,,,,,,5.3,64,,4654.62,11694.34,2734.62,1989.26,,,,,,,,
BPS,05/02/2023,5,February,2023,2,2,1,26991,23296,2300,3328,13206,0.5668,872.33,2.64,,,,10.13,10.13,67,0,4,,,,,,77,7.8,54,,10641.41,6164.9,5144.4,1350.07,,,,,,,,
HSK,05/02/2023,5,February,2023,2,2,1,20911,18563,2277,2652,12082,0.6509,743.68,3.06,,,,8.15,8.15,89,67,4.7,,,,,,,4.7,80,,4563.1,2428.16,9947.58,1623.79,,,,,,,,
BPS,12/02/2023,6,February,2023,2,3,1,24390,23661,2239,3380,12974,0.5483,840.6,2.66,,,,10.57,10.57,65,0,4,,,,,,77,7.9,57,,10731.12,5200.18,6320.87,1408.67,,,,,,,,
HSK,12/02/2023,6,February,2023,2,3,1,18739,17934,2215,2562,11583,0.6459,719.22,3.08,,,,8.1,8.1,89,75,4.7,,,,,,,7.3,82,,4119.79,2312.32,9879.83,1622.15,,,,,,,,
BPS,19/02/2023,7,February,2023,2,4,1,35496,30700,2743,4386,13367,0.4354,858.55,3.19,,,,11.19,11.19,72,50,3.9,,,,,,77,8.1,55,,14260.99,8169.56,6336.55,1932.51,,,,,,,,
HSK,19/02/2023,7,February,2023,2,4,1,23548,21016,2375,3002,11841,0.5634,734.22,3.23,,,,8.85,8.85,80,57,4.7,,,,,,,8.7,83,,5080.26,11617.1,2606.44,1712.15,,,,,,,,
BPS,26/02/2023,8,February,2023,3,1,1,29720,25767,2492,3681,13039,0.506,845.07,2.95,,,,10.34,10.34,78,33,3.9,,,,,,77,8.6,80,,10992.5,7578.32,5585.7,1610.95,,,,,,,,
HSK,26/02/2023,8,February,2023,3,1,1,21315,18933,2262,2705,11483,0.6065,746.18,3.03,,,,8.37,8.32,87,50,4.7,,,,,,,8.6,74,,4585.63,10048.48,2523.92,1670.7,102.4,,,,,,,
BPS,05/03/2023,9,March,2023,3,2,1,29030,25145,2428,3592,13563,0.5394,881.35,2.75,,,,10.36,10.36,70,-100,3.9,,,,,,77,8.3,90,,11031.19,7116.4,5323.6,1673.07,,,,,,,,
HSK,05/03/2023,9,March,2023,3,2,1,23492,20830,2579,2976,12301,0.5905,799.27,3.23,,,,8.08,8.08,71,50,4.5,,,,,,71,8.5,81,,4781.99,11115.12,2853.81,2077.35,,,,,,,,
BPS,12/03/2023,10,March,2023,3,3,1,30145,26125,2522,3732,12939,0.4953,845.05,2.98,,,,10.36,10.36,89,50,4,,,,,,77,8.6,94,,11247.93,7619.64,5637.84,1620.06,,,,,,,,
HSK,12/03/2023,10,March,2023,3,3,1,23136,20518,2518,2931,12153,0.5923,782.22,3.22,,,,8.15,8.15,87,60,4.5,,,,,,71,7.8,90,,4752.93,10695.45,2953.31,2112.64,,,,,,,,
BPS,19/03/2023,11,March,2023,3,4,1,26525,23032,2218,3290,12614,0.5477,818,2.71,,,,10.38,10.38,95,86,4,,,,,,77,8.9,90,,9741.93,7159.19,4831.64,1298.86,,,,,,,,
HSK,19/03/2023,11,March,2023,3,4,1,24551,21727,2626,3104,12381,0.5699,783.85,3.35,,,,8.27,7.54,92,80,4.5,,,,,,71,9.2,96,,3064.28,11388.29,3064.28,2282.22,,,,,,,,
BPS,26/03/2023,12,March,2023,3,5,1,27256,23624,2334,3375,12777,0.5409,829.47,2.81,,,,10.12,10.12,91,75,4,,,,,,72,8,94,,10351.75,6586.26,5245.15,1440.51,,,,,,,,
HSK,26/03/2023,12,March,2023,3,5,1,21264,18761,2343,2680,12224,0.6516,774,3.03,,,,8.01,8.01,94,86,4.5,,,,,,71,8,96,,4515.53,9538.64,2831.73,1873.65,,,,,,,,
BPS,02/04/2023,13,April,2023,4,1,2,26984,23302,2333,3329,12755,0.5474,829.57,2.81,,,,9.99,9.99,91,67,4.1,,,,,,72,8.7,97,,10784.44,5967.83,5102.38,1447.56,,,,,,,,
HSK,02/04/2023,13,April,2023,4,1,2,22652,19986,2509,2855,11280,0.5644,726.38,3.45,,,,7.97,7.96,75,22,4.5,,,,,,71,8.8,97,,4923.27,9663,3168.02,2228.02,,,,,,,,
BPS,09/04/2023,14,April,2023,4,2,2,33219,28858,2722,4123,12680,0.4394,822,3.31,,,,10.6,10.6,82,57,4,,,,,,72,9.1,97,,12492.43,8562.69,5779.82,2023.37,,,,,,,,
HSK,09/04/2023,14,April,2023,4,2,2,25572,22566,2630,3224,11821,0.5238,758.62,3.47,,,,8.58,8.51,86,58,4.5,,,,,,71,9,99,,6019.97,10524.44,3487.27,2354.51,,,,,,,,
BPS,16/04/2023,15,April,2023,4,3,2,31138,26977,2492,3854,12875,0.4773,834.9,2.98,,,,10.83,10.79,76,31,4.1,,,,,,72,9,99,,12839.14,6680.97,6020.66,1346.14,,,,,,,,
HSK,16/04/2023,15,April,2023,4,3,2,24985,22344,2665,3192,11377,0.5092,727.07,3.67,,,,8.38,8.38,60,0,4.5,,,,,,71,9.2,100,,5923.3,10420.25,3660.58,2337.61,,,,,,,,
BPS,23/04/2023,16,April,2023,4,4,2,28228,24624,2431,3518,11077,0.4499,727.07,3.34,,,,10.13,10.09,89,70,4.1,,,,,,72,9.1,99,,10921.02,6733.79,5347.46,1531.38,,,,,,,,
HSK,23/04/2023,16,April,2023,4,4,2,26545,24000,2892,3429,9885,0.4119,627.72,4.61,,,,8.3,8.3,81,47,4.5,,,,,,71,9.9,100,,6013.14,11582.83,3819.36,2583.7,,,,,,,,
BPS,30/04/2023,17,April,2023,5,1,2,25556,22474,2310,3211,10655,0.4741,690.3,3.35,,,,9.73,9.73,90,25,4.1,,,,,,72,9.2,99,,8883.56,7264.37,4554.25,1771.58,,,,,,,,
HSK,30/04/2023,17,April,2023,5,1,2,26710,23965,2952,3424,10301,0.4298,646.67,4.56,,,,8.12,8.12,76,14,4.6,,,,,,71,9.5,100,,6416.27,10545.62,4133.69,2867.36,,,,,,,,
BPS,07/05/2023,18,May,2023,5,2,2,26273,23094,2269,3299,10739,0.465,697.08,3.26,,,,10.18,10.18,68,21,4.1,,,,,,72,8.8,99,,9435.24,7177.6,4675.4,1806.06,,,,,,,,
HSK,07/05/2023,18,May,2023,5,2,2,27791,25032,3028,3576,10107,0.4037,759.72,3.99,,,,8.27,8.27,89,67,4.6,,,,,,71,9.6,100,,6329.62,11506.81,4153.16,3040.41,,,,,,,,
BPS,14/05/2023,19,May,2023,5,3,2,23476,20548,2119,2935,10163,0.4946,653.13,3.24,,,,9.7,9.7,78,43,4.1,,,,,,72,8.7,99,,8477.29,5963.14,4538.32,1569.08,,,,,,,,
HSK,14/05/2023,19,May,2023,5,3,2,27680,24869,3079,3553,10447,0.4201,672.63,4.58,,,,8.08,8.08,88,60,4.6,,,,,,71,9.6,100,,6436.52,11060.53,4202.29,3166.98,,,,,,,,
BPS,21/05/2023,20,May,2023,5,4,2,20889,18272,2021,2610,10250,0.561,662.77,3.05,,,,9.04,9.04,69,-14,4.1,,,,,,84,9,96,,7495.62,5313.94,4053.46,1408.71,,,,,,,,
HSK,21/05/2023,20,May,2023,5,4,2,27829,25114,3108,3588,10010,0.3986,658.93,4.72,,,,8.08,8.05,91,75,4.6,,,,,,71,9.6,92,,6030.38,11727.07,4097.83,3160.17,102.4,,,,,,,
BPS,28/05/2023,21,May,2023,6,1,2,21417,18848,2057,2693,9371,0.4972,600.95,3.42,,,,9.16,9.16,76,43,4.1,,,,,,84,9.2,86,,7519.19,6123.45,3861.99,1343.68,,,,,,,,
HSK,28/05/2023,21,May,2023,6,1,2,29212,26350,3279,3764,11679,0.4432,773.23,4.24,,,,8.04,8.04,67,6,4.6,,,,,,60,9.3,80,,6680.97,12104.9,4125.26,3436.39,,,,,,,,
BPS,04/06/2023,22,June,2023,6,2,2,25523,22244,2281,3178,9973,0.4483,640.2,3.56,,,,9.75,9.75,78,29,4.1,,,,,,84,9.1,86,,9754.53,5886.52,4930.75,1672.26,,,,,,,,
HSK,04/06/2023,22,June,2023,6,2,2,27343,24627,2966,3518,11284,0.4582,732.67,4.05,,,,8.3,8.3,68,18,4.6,,,,,,60,9.5,80,,6251.27,11256.68,4042.78,3076.48,,,,,,,,
BPS,11/06/2023,23,June,2023,6,3,2,19156,16847,1836,2407,9006,0.5346,585.22,3.14,,,,9.18,9.18,84,75,4.1,,,,,,84,9.6,86,,6805.08,5391.86,3415.96,1233.6,,,,,,,,
HSK,11/06/2023,23,June,2023,6,3,2,23737,21433,2690,3062,10755,0.5018,701.85,3.83,,,,7.97,7.97,87,60,4.6,,,,,,60,9.3,80,,5195.51,10015.19,3411.5,2810.85,,,,,,,,
BPS,18/06/2023,24,June,2023,6,4,2,19017,16768,1912,2395,9184,0.5477,603.47,3.17,,,,8.77,8.77,88,76,4.1,,,,,,84,8.9,79,,6628.02,5455.76,3214.13,1466.67,,,,,,,,
HSK,18/06/2023,24,June,2023,6,4,2,25335,22887,2856,3270,11488,0.502,762.15,3.75,,,,8.01,8.01,100,100,4.5,,,,,,60,9.3,77,,5685.31,10507.36,3518.23,3171.67,,,,,,,,
BPS,25/06/2023,25,June,2023,6,5,2,20781,18338,1997,2620,8943,0.4877,588.67,3.39,,,,9.18,9.18,73,33,4.1,,,,,,84,9.2,79,,7182.22,6067.21,3544.68,1541.95,,,,,,,,
HSK,25/06/2023,25,June,2023,6,5,2,26027,23480,2913,3354,10842,0.4617,730.65,3.99,,,,8.06,8.06,97,100,4.5,,,,,,60,9.7,95,,5794.11,10670.33,3354.32,3659.46,,,,,,,,
BPS,02/07/2023,26,July,2023,7,1,3,24441,21461,2241,3066,9445,0.4401,607.13,3.69,,,,9.58,9.57,85,70,4.1,,,,,,84,9.4,90,,8620.72,6765.37,4438.13,1630.54,,,,,,,,
HSK,02/07/2023,26,July,2023,7,1,3,29056,26135,3190,3734,10832,0.4145,729.03,4.38,,,,8.19,8.19,57,0,4.4,,,,,,93,9.8,100,,6717.57,11709.52,4266.05,3438.58,,,,,,,,
BPS,09/07/2023,27,July,2023,7,2,3,25417,22345,2303,3192,9943,0.445,656.7,3.51,,,,9.7,9.65,74,29,4.1,,,,,,90,9.4,90,,8826.54,6884.47,4428.37,2073.28,,,,,,,,
HSK,09/07/2023,27,July,2023,7,2,3,31050,27904,3300,3986,10516,0.3769,711.32,4.64,,,,8.46,8.45,68,14,4.4,,,,,,93,9.6,100,,7325.66,12367.33,4591.38,3616.05,,,,,,,,
BPS,16/07/2023,28,July,2023,7,3,3,26449,23224,2456,3318,9572,0.4121,621.65,3.95,,,,9.46,9.46,72,22,4.1,,,,,,90,9,90,,9637.95,7246.99,4599.3,1740.07,,,,,,,,
HSK,16/07/2023,28,July,2023,7,3,3,30180,27086,3259,3869,10397,0.3839,712.42,4.57,,,,8.31,8.31,82,71,4.4,,,,,,93,9.5,100,,7130.76,11977.18,4550.94,3427.49,,,,,,,,
BPS,23/07/2023,29,July,2023,7,4,3,25901,22770,2517,3253,9470,0.4159,619.75,4.06,,,,9.05,9.05,85,50,4.1,,,,,,90,9.4,98,,9247.65,7168.05,4529.26,1824.92,,,,,,,,
HSK,23/07/2023,29,July,2023,7,4,3,27127,24324,2994,3475,10306,0.4237,710.48,4.21,,,,8.12,8.13,73,36,4.4,,,,,,93,9.4,100,,6161.77,10799.06,4011.89,3368.76,,,,,,,,
BPS,30/07/2023,30,July,2023,8,1,3,26922,23493,2533,3356,9476,0.4034,616.13,4.11,,,,9.27,9.27,84,56,4.1,,,,,,90,9.4,98,,9816.07,6464.79,5405.97,1805.83,,,,,,,,
HSK,30/07/2023,30,July,2023,8,1,3,26632,23854,2932,3408,10710,0.449,720.77,4.07,,,,8.14,8.13,83,53,4.4,,,,,,93,9.7,100,,6305.3,10202.36,3906.77,3432.36,,,,,,,,
BPS,06/08/2023,31,August,2023,8,2,3,29164,25449,2692,3636,11035,0.4336,722.48,3.73,,,,9.45,9.45,77,0,4.1,,,,,,90,9.7,87,,10869.22,7009.49,5561.35,2008.54,,,,,,,,
HSK,06/08/2023,31,August,2023,8,2,3,26877,24102,2880,3443,10698,0.4438,718.8,4.01,,,,8.37,8.37,80,55,4.3,,,,,,93,9.4,100,,6297.15,10600.62,4219.84,2984.5,,,,,,,,
BPS,13/08/2023,32,August,2023,8,3,3,25716,22623,2351,3232,9403,0.4156,625.55,3.76,,,,9.62,9.62,93,80,4.1,,,,,,90,9.3,85,,9167.72,7252.95,4384.45,1818,,,,,,,,
HSK,13/08/2023,32,August,2023,8,3,3,27274,24510,2973,3501,11415,0.4658,774.48,3.84,,,,8.24,8.24,83,63,4.3,,,,,,93,9.3,92,,6241.96,10966.69,4047.51,3250.58,,,,,,,,
BPS,20/08/2023,33,August,2023,8,4,3,24048,21181,2297,3026,8134,0.384,531.92,4.32,,,,9.22,9.22,78,46,4.1,,,,,,90,8.2,94,,8323.57,6860.88,4048.56,1947.92,,,,,,,,
HSK,20/08/2023,33,August,2023,8,4,3,27629,24801,3018,3543,11168,0.4503,749.87,4.02,,,,8.22,8.22,75,37,4.3,,,,,,93,9.6,97,,6478.82,10882.24,3961.88,3473.56,,,,,,,,
BPS,27/08/2023,34,August,2023,9,1,3,23222,20332,2126,2905,7783,0.3828,514.13,4.14,,,,9.56,9.56,81,55,4.1,,,,,,90,9.5,92,,8363.07,5942.22,4312.98,1713.07,,,,,,,,
HSK,27/08/2023,34,August,2023,9,1,3,27252,24406,2988,3487,11651,0.4774,779.35,3.83,,,,8.17,8.17,85,70,4.3,,,,,,93,9.6,96,,6684.07,10305.35,4080.11,3331.17,,,,,,,,
BPS,03/09/2023,35,September,2023,9,2,3,24198,21211,2283,3030,8635,0.4071,571.2,4,,,,9.29,9.29,89,69,4.1,,,,,,90,9.5,91,,8624.29,6556.28,4219.49,1811.15,,,,,,,,
HSK,03/09/2023,35,September,2023,9,2,3,29394,26300,3231,3757,11217,0.4265,758.52,4.26,,,,8.14,8.14,88,79,4.3,,,,,,93,9.9,98,,7236.54,11079.45,4261.54,3720.15,,,,,,,,
BPS,10/09/2023,36,September,2023,9,3,3,20551,18137,2086,2591,8367,0.4613,557.75,3.74,,,,8.69,8.69,76,33,4.1,,,,,,90,10,98,,6835.61,6067.94,3431.33,1801.92,,,,,,,,
HSK,10/09/2023,36,September,2023,9,3,3,25223,22761,2997,3252,11412,0.5014,771.2,3.89,,,,7.59,7.59,97,91,4.3,,,,,,93,9.7,92,,5456.53,10361.75,3341.27,3599.33,,,,,,,,
BPS,17/09/2023,37,September,2023,9,4,3,21483,19066,2098,2724,8635,0.4529,546.27,3.84,,,,9.09,8.68,85,57,4.1,,,,,,90,9.6,84,,6860.84,6093.24,3557.05,1691.59,,864,,,,,,
HSK,17/09/2023,37,September,2023,9,4,3,28099,25295,3230,3614,11712,0.463,774.82,4.17,,,,7.83,7.8,91,82,4.3,,,,,,93,9.7,91,,6119.63,11424.17,4040.85,3622.09,,72.5,,,,,,
BPS,24/09/2023,38,September,2023,9,5,3,22395,19616,2256,2802,8949,0.4562,589.87,3.82,,,,8.7,8.48,78,40,4.1,,,,,,90,9.7,81,,8098.15,5407.94,4142.51,1471.45,,496,,,,,,
HSK,24/09/2023,38,September,2023,9,5,3,29030,26035,3276,3719,11720,0.4502,791.5,4.14,,,,7.95,7.95,79,48,4.3,,,,,,93,9.9,82,,6711.35,11418.66,4441.84,3460.16,,,,,,,,
BPS,01/10/2023,39,October,2023,10,1,4,21808,19248,2158,2750,10294,0.5348,682.75,3.16,,,,8.92,8.57,89,60,4.1,,,,,,90,9.9,81,,7233.75,5898.64,3658.41,1698.45,,204,,,,,,
HSK,01/10/2023,39,October,2023,10,1,4,29566,26563,3358,3795,13305,0.5009,907.73,3.7,,,,7.91,7.91,83,50,4.3,,,,,,93,9.7,82,,6851.04,11896.8,4473.59,3344.96,,,,,,,,
BPS,08/10/2023,40,October,2023,10,2,4,29934,27071,2331,3867,12979,0.4795,859.3,2.71,,,,11.61,9.09,84,67,4.1,,,,,,90,9.8,83,,8305.86,6850.75,4123.36,1899.62,5903.2,,,,,,,
HSK,08/10/2023,40,October,2023,10,2,4,30093,26953,3365,3850,12841,0.4764,872.88,3.86,,,,8.01,7.93,91,78,4.3,,,,,,93,9.8,96,,7202.11,11454.36,4761.4,3257.15,,,,,,,,
BPS,15/10/2023,41,October,2023,10,3,4,30901,28006,2308,4001,12335,0.4404,813.75,2.84,,,,12.13,8.66,60,-33,4.1,,,,,,90,9.7,87,,8081.3,5649.59,4473.95,1775.93,8024.8,,,,,,,
HSK,15/10/2023,41,October,2023,10,3,4,28399,25572,3256,3653,12688,0.4962,865.28,3.76,,,,7.85,7.77,74,-17,4.3,,,,,,93,9.7,95,,6251.86,11446.17,4315.17,3272.23,,213.75,,,,,,
BPS,22/10/2023,42,October,2023,10,4,4,35289,31860,2595,4551,12027,0.3775,793.83,3.27,,,,12.28,10.01,88,-20,4.1,,,,,,90,9.7,87,,9807.76,8038.59,5501.78,2631.15,8275.45,,,,,,,
HSK,22/10/2023,42,October,2023,10,4,4,29593,26485,3290,3784,13405,0.5061,913.38,3.6,,,,8.05,8.57,100,100,4.3,,,,,,93,9.7,98,,7076.58,12286.9,4690.42,4142.9,,,,,,,,
BPS,29/10/2023,43,October,2023,11,1,4,36695,33025,2790,4718,12486,0.3781,838.52,3.33,,,,11.84,8.96,98,86,4.1,,,,,,90,9.7,87,,10535.26,6741.68,5754.59,1956.31,7964.35,70,3,,,,,
HSK,29/10/2023,43,October,2023,11,1,4,29695,26670,3294,3810,12778,0.4791,897.32,3.67,,,,8.1,8.1,64,-25,4.3,,,,,,93,9.7,98,,6982.88,11974.4,4571.25,3140.46,,,,,,,,
BPS,05/11/2023,44,November,2023,11,2,4,36723,33181,2789,4740,13843,0.4172,865.62,3.22,,,,11.9,8.97,64,-25,4.1,,,,,,90,9.7,87,,9957.79,7474.54,5337.72,2244.39,7995.4,171.5,,,,,,
HSK,05/11/2023,44,November,2023,11,2,4,30335,27354,3314,3908,13283,0.4856,903.33,3.67,,,,8.25,8.25,66,0,4.2,,,,,,93,9.7,100,,6734.25,12926.02,3186.11,4499,,,,,,,,
BPS,12/11/2023,45,November,2023,11,3,4,34564,31083,2790,4440,13131,0.4225,856.9,3.26,,,,11.14,8.71,64,-25,4.1,,,,,,90,9.7,68,,9285.74,7277.39,5428.13,2296.96,6644.35,,150,,,,,
HSK,12/11/2023,45,November,2023,11,3,4,29421,26591,3201,3799,13440,0.5054,897.45,3.57,,,,8.31,8.03,66,0,4.3,,,,,,93,9.7,100,,6476.48,12021.8,4152.25,3053.25,,618,268,,,,,
BPS,19/11/2023,46,November,2023,11,4,4,37885,34095,2902,4871,14229,0.4173,919.45,3.16,,,,11.75,9.03,96,80,4.1,,,,,,90,9.7,86,,10365.17,7984.45,5739.35,2116.17,7345.75,252.5,291.6,,,,,
HSK,19/11/2023,46,November,2023,11,4,4,26351,25607,3119,3658,14620,0.5709,978.27,3.19,,,,8.21,8,100,100,4.3,,,,,,93,9.7,95,,6340.89,11669.7,4074.2,2877.41,,,644,,,,,
BPS,26/11/2023,47,November,2023,12,1,4,39067,34746,3062,4964,14156,0.4074,919.18,3.33,,,,11.35,9.27,90,50,4.1,,,,,,90,9.7,86,,11540.31,8028.75,6529.12,2271.4,5845.95,352.95,168,,,,,
HSK,26/11/2023,47,November,2023,12,1,4,29939,27021,3271,3860,14471,0.5355,968.97,3.38,,,,8.26,8.16,82,38,4.3,,,,,,93,9.7,95,,6366.45,12648.53,4460.27,3210.83,,259.8,72.5,,,,,
BPS,03/12/2023,48,December,2023,12,2,4,42866,38213,3296,5459,13867,0.3629,903.13,3.65,,,,11.59,9.23,84,40,4.1,,,,,,90,9.7,91,,11970.23,8676.35,6961.64,2798.7,6956.35,399.5,450.71,,,,,
HSK,03/12/2023,48,December,2023,12,2,4,29159,26106,3132,3729,14952,0.5727,1003.6,3.12,,,,8.34,8.15,80,33,4.3,,,,,,93,9.7,95,,7107.15,10872.03,4599.35,2947.87,,279,248,,,,,
BPS,10/12/2023,49,December,2023,12,3,4,43176,38369,3347,5481,13454,0.3506,880.2,3.8,,,,11.46,9.19,100,100,4.2,,,,,,90,9.7,95,,13015.01,7956.45,7343.69,2448.72,6941.25,130,540,,,,,
HSK,10/12/2023,49,December,2023,12,3,4,29107,26046,3204,3721,14381,0.5522,973.95,3.29,,,,8.13,8.05,98,91,4.3,,,,,,93,9.7,94,,7223.5,10988.39,4700.48,2864.24,,126,115.5,,,,,
BPS,17/12/2023,50,December,2023,12,4,4,45651,39843,3340,5692,14963,0.3755,974.57,3.43,,,,11.93,9.37,84,80,4.2,,,,,,90,9.7,96,,13518.83,7736.86,7556.69,2481.08,6771.55,847,892.5,,,,,
HSK,17/12/2023,50,December,2023,12,4,4,27210,24460,3002,3494,13856,0.5665,926.7,3.24,,,,8.15,8.08,96,82,4.3,,,,,,93,9.7,100,,10887.85,6193.1,4024.76,3159.96,,167,,,,,,
BPS,24/12/2023,51,December,2023,12,5,4,44553,39490,3287,5641,16253,0.4116,1046.62,3.14,,,,12.01,9.99,96,78,4.2,,,,,,88,,88,,14754.82,8261.11,7577.21,2254.67,6159.8,255,164,,,,,
HSK,24/12/2023,51,December,2023,12,5,4,24894,22533,2574,3219,13528,0.6004,906.32,2.84,,,,8.75,8.69,76,20,4.3,,,,,,73,,98,,5118.72,10932.67,3469.21,2844.61,,152,,,,,,
BPS,31/12/2023,52,December,2023,12,6,4,48127,42299,3362,6043,15610,0.369,1005.08,3.35,,,,12.58,10.73,96,75,4.2,,,,,,88,,88,,16033.65,8356.19,8715.6,2966.01,6217.65,,,,,,,
HSK,31/12/2023,52,December,2023,12,6,4,22914,20546,2177,2935,9752,0.4747,676.02,3.22,,,,9.44,9.43,96,80,4.3,,,,,,73,,98,,5678.17,8966.34,3438.65,2455.94,,,,,,,,
BPS,07/01/2024,1,January,2024,1,1,1,44085,39024,3267,5575,14403,0.3691,921.72,3.54,,,,11.94,9.78,88,43,4.2,,,,,,88,,89,,13864.89,7733.67,7740.88,2608.99,7006.5,56.04,,,,,,
HSK,07/01/2024,1,January,2024,1,1,1,24363,21817,2583,3117,12815,0.5874,854.17,3.02,,,,8.45,8.38,98,57,4.3,,,,,,73,,100,,6107.76,9219.59,3771.34,2541.88,,156,,,,,,
BPS,14/01/2024,2,January,2024,1,2,1,30394,27302,2469,3900,12288,0.4501,799.37,3.09,,,,11.06,8.6,60,0,4.2,,,,,,88,,89,,7814.55,6503.35,4965.88,1949,5879.95,,178.5,,,,,
HSK,14/01/2024,2,January,2024,1,2,1,24483,22032,2692,3147,12435,0.5644,821.58,3.28,,,,8.18,7.97,100,100,4.3,,,,,,73,,100,,5256.19,9942.3,3653.78,2615.97,,,485,,,,,
BPS,21/01/2024,3,January,2024,1,3,1,33378,29999,2740,4286,12660,0.422,798.03,3.43,,,,10.95,8.63,100,100,4.2,,,,,,88,9.4,99,,8301.03,7750.16,5495.9,2109.69,5904.7,417.6,,,,,,
HSK,21/01/2024,3,January,2024,1,3,1,27911,25277,3082,3611,13010,0.5147,859.1,3.59,,,,8.2,7.91,94,67,4.3,,,,,,73,9.3,100,,5546.26,11779.82,4128.53,2911.1,,503.5,359,,,,,
BPS,28/01/2024,4,January,2024,1,4,1,36132,32478,2965,4640,11376,0.3503,735.75,4.03,,,,10.95,8.72,94,67,4.2,,,,,,88,8.6,99,,9215.81,8406.99,5521.99,2714.98,6254.75,115.6,207.5,,,,,
HSK,28/01/2024,4,January,2024,1,4,1,31969,29289,3203,4184,12812,0.4374,847.02,3.78,,,,9.14,8.3,100,100,4.3,,,,,,73,8.6,100,,5986.79,13346.74,4086.14,3164.37,,461,,,,,,
BPS,04/02/2024,5,January,2024,2,1,1,35598,31987,2956,4570,14437,0.4513,922.87,3.2,,,,10.82,8.69,86,33,4.2,,,,,,88,9.4,100,,9570.34,8265.58,5439.87,2397.52,6146.45,,149,,,,,
HSK,04/02/2024,5,January,2024,2,1,1,30322,27287,3269,3898,11586,0.4246,764.64,4.28,,,,8.35,8.27,92,57,4.3,,,,,,73,9,100,,6927.49,12335.39,4571.15,3198.86,,250,,,,,,
BPS,11/02/2024,6,February,2024,2,2,1,36141,32591,2823,4656,14276,0.438,914.17,3.09,,,,11.54,8.72,64,-20,4.2,,,,,,88,9.3,90,,9219.12,7352.95,5387.48,2644.31,7318.05,397.96,229,,,,,
HSK,11/02/2024,6,February,2024,2,2,1,27404,24680,3085,3526,11337,0.4593,748.82,4.12,,,,8,7.7,100,100,4.3,,,,,,73,9.7,100,,5776.93,10692.79,4288.19,2994.07,,210,716.5,,,,,
BPS,18/02/2024,7,February,2024,2,3,1,44448,39543,3351,5649,15772,0.3989,1022.24,3.28,,,,11.8,9.6,96,83,4.2,,,,,,88,8.6,100,,13354.91,8529.72,7652.6,2645.98,6258.25,826.67,214,,,,,
HSK,18/02/2024,7,February,2024,2,3,1,30944,27722,3231,3960,11397,0.4111,758.76,4.26,,,,8.58,8.51,96,75,4.3,,,,,,73,9.4,100,,7439.41,11985.11,4929.51,3148.93,,210,,,,,,
BPS,25/02/2024,8,February,2024,2,4,1,39620,35441,3104,5063,14400,0.4063,922.48,3.36,,,,11.42,8.9,84,17,4.3,,,,,,91,8.9,100,,7435.36,11348.36,6689.79,2137.66,6833.55,828,,,,,,
HSK,25/02/2024,8,February,2024,2,4,1,30236,27209,3272,3887,11229,0.4127,759.92,4.31,,,,8.32,7.98,60,-56,4.3,,,,,,73,8.7,100,,6702.85,11604.04,4551.01,3242.06,,538.2,554.4,,,,,
BPS,03/03/2024,9,March,2024,3,1,1,35798,32011,2896,4573,14922,0.4662,953.23,3.04,,,,11.05,8.47,70,-50,4.3,,,,,,91,9,100,,9704.74,6843.94,5765.97,2204.98,6667.05,271,,,536.62,,,
HSK,03/03/2024,9,March,2024,3,1,1,31155,27889,3524,3984,11270,0.4041,751.67,4.69,,,,7.91,7.57,88,50,4.3,,,,,,73,9.4,100,,6684.62,11568.56,4819.82,3616.62,,340,,,838.35,,,
BPS,10/03/2024,10,March,2024,3,2,1,37870,33872,2934,4839,15010,0.4431,928.64,3.16,,,,11.54,9.1,86,30,4.3,,,,,,91,9.2,96,,10201.51,7808.28,6329,2372.08,6353.85,279.8,209.5,,270.95,,,
HSK,10/03/2024,10,March,2024,3,2,1,31445,28380,3341,4054,12125,0.4272,826.25,4.04,,,,8.49,7.94,60,-60,4.3,,,,,,87,9.5,98,,6277.54,12547.15,4361.62,3332.96,,604,223,,986.06,,,
BPS,17/03/2024,11,March,2024,3,3,1,34453,31156,2491,4451,14132,0.4536,889.42,2.8,,,,12.51,8.82,86,40,4.3,,,,,,91,9.4,92,,8702.35,6342.2,5172.73,1759,6684.55,1244.91,421,,447.25,,,
HSK,17/03/2024,11,March,2024,3,3,1,28769,26823,3204,3832,11521,0.4295,778.87,4.11,,,,8.37,7.93,84,17,4.3,,,,,,87,8.9,100,,6244.69,11735.79,4298.93,3115.61,,192,382,,850.14,,,
BPS,24/03/2024,12,March,2024,3,4,1,36353,32865,2577,4695,13778,0.4192,873.65,2.95,,,,12.75,8.8,90,50,4.3,,,,,,91,8.8,92,,8831.29,6521.14,5179.01,2140.16,6245.55,1942.25,1330,,571.65,,,
HSK,24/03/2024,12,March,2024,3,4,1,30506,27564,3238,3938,11819,0.4288,782.37,4.14,,,,8.51,7.83,82,22,4.3,,,,,,87,9.1,100,,11669.03,6049.68,4288.94,3349.79,942,354,,,826.9,,,
BPS,31/03/2024,13,March,2024,3,5,1,39221,35386,2638,5055,14794,0.4181,945.65,2.79,,,,13.41,9.66,86,57,4.3,,,,,,91,9.3,96,,10348.17,7093.43,6118.64,1918.68,7082.55,530.8,949.5,,326.29,,,
HSK,31/03/2024,13,March,2024,3,5,1,30534,27345,3096,3906,11499,0.4205,763.04,4.06,,,,8.83,8.37,80,50,4.3,,,,,,87,9.5,100,,7072.83,10884.6,4779.2,3183.6,,169,443.5,,785.55,,,
BPS,07/04/2024,14,April,2024,4,1,2,29827,25926,2652,3704,10944,0.4221,694.43,3.82,,,,9.78,9.45,84,20,4.3,12922,,,,,91,9.1,97,7278,10982.1,6230.41,6072.91,1778.03,,418.5,87.5,,287.41,,,
HSK,07/04/2024,14,April,2024,4,1,2,30634,27335,3200,3905,9676,0.354,639.5,5,,,,8.54,8.26,80,20,4.3,8536,,,,,87,9.6,98,7764,7462.51,10638.12,5055.49,3284.82,,334.9,60,,474.47,,,
SOT,07/04/2024,14,April,2024,4,1,2,5717,4764,6,681,6536,1.3719,459.07,0.01,,,,794.01,0,82,20,4.3,3304,,,,,89,9.35,97.5,3198,,,,,4764,,,,,,,
BPS,14/04/2024,15,April,2024,4,2,2,27059,23732,2478,3390,9039,0.3809,642.62,3.86,,,,9.58,8.87,84,20,4.3,9316,,,,,91,8.9,88,6499,8786.87,6175.74,5319.69,1702.32,,859,452.5,,378.05,,,
HSK,14/04/2024,15,April,2024,4,2,2,31493,28167,3392,4024,9758,0.3464,640.13,5.3,,,,8.3,7.85,82,40,4.3,8193,,,,,87,9.3,93,7887,6905.9,10960.43,4751.73,3994.1,,169,433,,917.72,,,
SOT,14/04/2024,15,April,2024,4,2,2,17363,17363,11,2480,14794,0.8521,840.8,0.01,,,,1578.45,0,83,30,4.3,10980,,,,,89,2.1,10,4110,,,,,17363,,,,,,,
BPS,21/04/2024,16,April,2024,4,3,2,29995,26366,2601,3767,9088,0.3447,601.17,4.33,,,,10.14,8.97,92,60,4.3,7430,,,,,91,9.3,92,6971,9433.33,5794.02,6225.58,1865.88,,585.6,1768.5,,615.39,,,
HSK,21/04/2024,16,April,2024,4,3,2,33481,30166,3488,4309,9767,0.3238,642.68,5.43,,,,8.65,8.08,80,31,4.3,8592,,,,,87,9.3,93,8044,7213.16,11993.09,5059.65,3909.3,,1063.2,,,840.31,,,
SOT,21/04/2024,16,April,2024,4,3,2,17840,17840,7,2549,14461,0.8106,933.1,0.01,,,,2548.56,0,86,46,4.3,10736,,,,,89,5.3,73,8585,,,,,17840,,,,,,,
BPS,28/04/2024,17,April,2024,4,4,2,28058,24580,2602,3511,9093,0.3699,597.67,4.35,,,,9.45,9.1,80,17,4.3,8001,,,,,91,8.9,92,6986,9280.16,6130.78,6324.53,1948.93,,149,,,744.93,,,
HSK,28/04/2024,17,April,2024,4,4,2,32279,29147,3378,4164,9943,0.3411,666.47,5.07,,,,8.63,8.04,80,50,4.3,9203,,,,,87,9.3,87,7696,6979.13,5108.14,11155.54,3915.61,,883.35,574.5,,457.78,,,
SOT,28/04/2024,17,April,2024,4,4,2,16598,16598,7,2371,15198,0.9157,1015.5,0.01,,,,2371.14,0,80,33.5,4.3,11687,,,,,89,6.9,28,7974,,,,,16598,,,,,,,
BPS,05/05/2024,18,May,2024,5,1,2,27515,24256,2518,3465,8593,0.3543,562.12,4.48,,,,9.63,9.18,80,8,4.3,7068,,,,,91,9.1,96,6643,8842.17,6698.03,5345.69,2218.03,,463.25,266,,344.02,,,
HSK,05/05/2024,18,May,2024,5,1,2,32349,29239,3377,4177,9305,0.3182,626.85,5.39,,,,8.66,8.13,82,43,4.3,8683,,,,,87,8.9,87,7749,7006.59,11444.94,3986.49,5006.49,,946.7,60,,694,,,
SOT,05/05/2024,18,May,2024,5,1,2,14028,14028,7,2004,13421,0.9567,914.55,0.01,,,,2004.06,0,81,51,4.3,8151,,,,,89,8.4,70,6843,,,,,14028,,,,,,,
BPS,12/05/2024,19,May,2024,5,2,2,29213,25881,2526,3697,8876,0.343,589,4.29,,,,10.25,9.64,90,50,4.3,7378,,,,,91,9.3,88,7037,9006.01,7442.26,5299.62,2602.99,,561,334,,598.92,,,
HSK,12/05/2024,19,May,2024,5,2,2,32397,29251,3453,4179,9587,0.3277,638.72,5.41,,,,8.47,8.09,100,100,4.3,7973,,,,,87,9.1,89,7950,6897.52,11638.96,4780.97,4607.68,,231.26,229,,826.03,,,
SOT,12/05/2024,19,May,2024,5,2,2,15083,15083,7,2155,14364,0.9523,966.17,0.01,,,,2154.78,0,95,75,4.3,9946,,,,,77,7.5,67,7289,,,,,15083,,,,,,,
BPS,19/05/2024,20,May,2024,5,3,2,27801,25015,2402,3574,8426,0.3368,553.8,4.34,,,,10.41,8.8,96,80,4.3,6944.48,,,,,91,9.4,93,6312,7459.02,6899.45,4601.51,2169.97,,1240,1884,,714.47,,,
HSK,19/05/2024,20,May,2024,5,3,2,35430,32180,3644,4597,10240,0.3182,675.9,5.39,,,,8.83,8.17,96,80,4.3,8231.98,,,,,87,9.5,90,8289,7095.25,13017.77,5237.32,4423.07,,1032.5,142.5,,1195.37,,,
SOT,19/05/2024,20,May,2024,5,3,2,16223,16223,7,2318,14117,0.8702,955.53,0.01,,,,2317.63,0,96,80,4.3,13067.47,,,,,77,8.2,78,7847,,,,,16223.4,,,,,,,
BPS,26/05/2024,20,May,2024,5,4,2,29958,26531,2579,3790,8262,0.3114,560.52,4.6,,,,10.29,9.63,100,100,4.3,7156.33,0.269730888,,,,91,9.2,93,6924,9692.84,7380.01,5549.47,2223.72,,786.5,202,,660.4,,,
HSK,26/05/2024,20,May,2024,5,4,2,35736,32352,3595,4622,10352,0.32,685,5.25,,,,9,8.4,100,100,4.3,9086.56,0.280869039,,,,87,9.4,90,8301,7724.04,12896.01,5426.84,4155.06,,590.2,483,,912.22,,,
SOT,26/05/2024,20,May,2024,5,4,2,17880,17880,7,2554,13325,0.7452,897.17,0.01,,,,2554.27,0,100,100,4.3,12931.35,0.723233911,,,,77,8.7,81,8598,,,,,17880,,,,,,,
BPS,02/06/2024,22,June,2024,6,1,2,39976,36015,2791,5145,9192,0.2552,603,4.63,,,,12.9,9.93,90,50,4.3,10100.7,0.280456585,,,,91,9.3,93,7614,10993.35,7766.74,6498.27,2460.65,,7372.5,141.5,,719.19,,,
HSK,02/06/2024,22,June,2024,6,1,2,35742,32356,3595,4622,10199,0.3152,676.75,5.31,,,,9,8.61,86,61,4.3,9056.81,0.279907925,,,,87,9.4,90,8424,7833.01,13493.66,5140.06,4472.64,,349.2,109.45,,900.47,,,
SOT,02/06/2024,22,June,2024,6,1,2,16207,16207,7,2315,12557,0.7748,844.23,0.01,,,,2315.25,0,88,56,4.3,10603.67,0.654274916,,,,77,9.1,84,7842,,,,,16207,,,,,,,
BPS,09/06/2024,23,June,2024,6,2,2,27139,24201,2333,3457,8272,0.3418,548.83,4.25,,,,10.37,9.1,92,57,4.3,7015.85,0.289900975,,,,91,9.5,96,6196,8131.9,6394.05,4840.85,1874.23,,1435.9,724.5,,647.42,,,
HSK,09/06/2024,23,June,2024,6,2,2,34841,31530,3618,4504,10442,0.3312,685.25,5.28,,,,8.71,8.15,98,75,4.3,8992.61,0.285209232,,,,87,9.7,90,8237,7250.37,12638.31,4933.01,4650.95,,373,830.68,,739.25,,,
SOT,09/06/2024,23,June,2024,6,2,2,17800,17800,7,2543,12817,0.7201,851.63,0.01,,,,2542.79,0,95,66,4.3,10822.59,0.608026046,,,,77,9.1,84,8581,,,,,17800,,,,,,,
BPS,16/06/2024,24,June,2024,6,3,2,27855,24667,2299,3524,8202,0.3325,535.95,4.29,,,,10.73,9.6,66,14,4.3,7055.39,0.286027778,,,,91,9.3,96,6746,8880.98,6158.19,5310.59,1715.09,,1861,155.5,,479.65,,,
HSK,16/06/2024,24,June,2024,6,3,2,35981,32776,3582,4682,10378,0.3166,691.38,5.18,,,,9.15,8.46,90,50,4.3,9276.27,0.283017521,,,,87,9.3,98,8076,6818.95,14011.86,5169.01,4299.6,,1300.4,,,1050.77,,,
SOT,16/06/2024,24,June,2024,6,3,2,19803,19803,7,2829,12527,0.6326,840.55,0.01,,,,2828.93,0,78,32,4.3,14583.02,0.736423179,,,,77,9.6,96,9504,,,,,19802.5,,,,,,,
BPS,23/06/2024,25,June,2024,6,4,2,26749,23895,2312,3414,8428,0.3527,550.15,4.2,,,,10.34,9.42,94,83,4.3,6772.97,0.283442183,,,,91,9.4,100,6154,7746.74,7265.52,4655.85,2102.99,,1518.85,316,,254.37,,,
HSK,23/06/2024,25,June,2024,6,4,2,36688,33269,3703,4753,10485,0.3152,694.07,5.34,,,,8.98,8.32,88,60,4.3,9398.1,0.282485315,,,,87,9.4,98,8519,7562.87,13140.39,4983.9,5137.79,,1293.45,445.5,,699.34,,,
SOT,23/06/2024,25,June,2024,6,4,2,22625,22625,7,3232,12568,0.5555,845.73,0.01,,,,3232.08,0,91,71.5,4.3,17683.68,0.781614662,,,,77,9.4,96,10723,,,,,22625,,,,,,,
BPS,30/06/2024,26,June,2024,6,5,2,26798,23914,2313,3416,9206,0.385,597.58,3.87,,,,10.34,9.3,100,100,4.3,6935,0.29,,,,91,9.5,100,6117,7836.67,6973.85,4604.51,2092.71,,1269.6,401.92,,603.33,,,
HSK,30/06/2024,26,June,2024,6,5,2,36613,33320,3749,4760,10984,0.3296,718.13,5.22,,,,8.89,8.27,100,89,4.3,9662.74,0.29,,,,87,9.2,100,8453,6989.6,13697.33,4883.87,5450.31,,448.9,746.5,,1054.34,,,
SOT,30/06/2024,26,June,2024,6,5,2,21162,21162,7,3023,11620,0.5491,785.62,0.01,,,,3023.15,0,100,95,4.3,16718.02,0.79,,,,77,9.3,96,10061,,,,,19584,,,,,,,
BPS,07/07/2024,27,July,2024,7,1,3,30755,27038,2442,3863,9447,0.3494,561.78,4.35,,,,11.07,10.16,80,40,4.3,8061.39,0.298146632,,,,91,9.5,100,6861,9887.51,6931.49,6077.23,1909.08,,1881.2,,,349.53,,,
HSK,07/07/2024,27,July,2024,7,1,3,37188,33617,3731,4802,10868,0.3233,692.57,5.39,,,,9.01,8.3,88,43,4.3,9928.32,0.295333916,,,,87,9,98,8744,7826.98,12729.38,5459.02,4959.72,,1592.4,,,1046.47,,,
SOT,07/07/2024,27,July,2024,7,1,3,19584,19584,7,3394,11108,0.4676,743.15,0.01,,,,3393.55,0,84,42,4.3,12368.84,0.520687153,,,,77,9.5,96,9345,,,,,19584,,,,,,,
BPS,14/07/2024,28,July,2024,7,2,3,31507,27920,2467,3989,8509,0.3048,547.57,4.51,,,,11.32,9.98,92,62,4.3,8938.45,0.320144828,,,,91,9.3,100,6784,9553.68,7085.48,5741.95,2249.75,,1611.9,1063.7,,646.81,,,
HSK,14/07/2024,28,July,2024,7,2,3,37188,33640,3625,4806,11344,0.3372,737.12,4.92,,,,9.28,8.49,88,67,4.3,10552,0.313670468,,,,87,9.2,98,8589,8138.54,12605.97,5083.49,4963.15,,1295,779,,758.68,,,
SOT,14/07/2024,28,July,2024,7,2,3,19994,19994,7,3404,11310,0.4747,760.45,0.01,,,,3403.63,0,90,64.5,4.3,13033,0.547020328,,,,77,9.6,96,9536,,,,,19994,,,,,,,
BPS,21/07/2024,29,July,2024,7,3,3,28077,24748,2397,3535,8838,0.3571,560.65,4.28,,,,10.32,9.86,78,43,4.3,7998.12,0.323180912,,,,91,9.1,100,6602,9035.36,7174.65,5293.41,2136.51,,283.75,,,820.14,,,
HSK,21/07/2024,29,July,2024,7,3,3,34515,31274,3479,4468,10820,0.346,712.57,4.88,,,,8.99,8.47,88,60,4.3,9495.2,0.303614099,,,,87,9.1,98,8071,7152.21,12659.25,4633.52,5020.37,,849.7,113,,851.62,,,
SOT,21/07/2024,29,July,2024,7,3,3,18185,18185,7,3145,11613,0.5275,765.38,0.01,,,,3145.29,0,83,51.5,4.3,14540.05,0.660399854,,,,77,9.8,96,8713,,,,,18185,,,,,,,
BPS,28/07/2024,30,July,2024,7,4,3,28612,25026,2384,3575,9483,0.3789,584.82,4.08,,,,10.5,10.02,94,85,4.3,8430.63,0.336874042,,,,91,9.2,100,6744,9940.48,6206.82,5724.09,2021.7,,353.4,,,814.8,,,
HSK,28/07/2024,30,July,2024,7,4,3,34626,31255,3402,4465,10085,0.3227,671.23,5.07,,,,9.19,8.58,86,55,4.3,9647.91,0.308685212,,,,87,9.1,98,7982,7426.91,12034.73,4905.41,4821.04,,534.3,600,,938.89,,,
SOT,28/07/2024,30,July,2024,7,4,3,19357,19357,7,3341,11446,0.4895,758.68,0.01,,,,3340.56,0,90,70,4.3,14205.98,0.607511151,,,,77,9.6,96,9243,,,,,19357,,,,,,,
BPS,04/08/2024,31,August,2024,8,1,3,28915,25589,2346,3656,8969,0.3505,571.47,4.11,,,,10.91,9.82,92,60,4.3,8682.73,0.33930884,,31,699,91,9.1,100,6524,8802.04,6814.49,5378.07,2050.06,,110.5,1860,,573,,,
HSK,04/08/2024,31,August,2024,8,1,3,32908,29529,3349,4218,9976,0.3378,659.9,5.08,,,,8.82,8.46,64,-25,4.3,9673.53,0.32759545,,36,680,87,8.9,98,7884,7387.39,11308.78,4736.91,4901.62,,340,122,,679.75,,,
SOT,04/08/2024,31,August,2024,8,1,3,22587,22587,8,3329,10352,0.4443,684.4,0.01,,,,2912.74,0,78,17.5,4.3,11880.3,0.509842545,,,,77,9.8,96,10787,,,,,22587,,,,,,,
BPS,11/08/2024,32,August,2024,8,2,3,31451,27357,2324,3908,8773,0.3207,564.7,4.12,,,,11.77,11.04,88,40,4.3,8688.01,0.317581253,,23,705,91,9.2,100,7397,9211.48,6882.25,5528.99,4035.44,,577.1,,,621.55,,,
HSK,11/08/2024,32,August,2024,8,2,3,32075,28766,3200,4109,10400,0.3615,652.48,4.9,,,,8.99,8.56,90,50,4.3,8722.45,0.30321913,,36,679,87,9.4,98,7697,7105.91,10870.6,4578.87,4828.4,,678,,,701.92,,,
SOT,11/08/2024,32,August,2024,8,2,3,19227,19227,7,3288,9534.62,0.0474,659.82,0.01,,,,3288.33,0,89,45,4.3,13087.5,0.568568862,,,,77,9.7,96,9176,,,,,19227,,,,,,,
BPS,18/08/2024,33,August,2024,8,3,3,27513,24189,2339,3456,8724,0.3606,550.23,4.25,,,,10.34,9.8,60,-17,4.3,8262.22,0.341567755,,23,779,91,9.2,100,6640,8654.97,6739.86,5355.68,2177.03,,515.4,,,746.46,,,
HSK,18/08/2024,33,August,2024,8,3,3,32586,29253,3267,4179,10322,0.3529,653.6,5,,,,8.95,8.38,80,0,4.3,9991.78,0.341568487,,32,773,87,9.4,98,7938,7113.23,10732.26,4750.72,4774.87,,789.5,135.4,,955.75,,,
SOT,18/08/2024,33,August,2024,8,3,3,17877,17877,7,3159,9667.87,0.0492,662.8,0.01,,,,3158.74,0,7,-8.5,4.3,13843.82,0.626099612,,,,77,9.7,96,8547,,,,,17877,,,,,,,
BPS,25/08/2024,34,August,2024,8,4,3,29209,25389,2307,3627,8464,0.3334,557.83,4.14,,,,11,10.51,93.4,79,4.4,9239.64,0.363929839,,14,889,91,9.2,78,7001,10313.01,5989.33,6205.5,1728.96,,393.5,170,,531.22,,,
HSK,25/08/2024,34,August,2024,8,4,3,34211,30666,3358,4381,10499,0.3424,673.85,4.98,,,,9.13,8.68,100,100,4.3,10099.27,0.329335155,,37,1060,87,9.5,56,8352,7836.99,11569.17,5073.98,4667.86,,770.5,18,,618.05,,,
SOT,25/08/2024,34,August,2024,8,4,3,17291,17291,7,3222,11330,0.5024,739.43,0.01,,,,3221.56,0,96.7,89.5,4.35,12484.39,0.553609145,,,,77,9.8,100,8230,,,,,17291,,,,,,,
BPS,01/09/2024,35,September,2024,9,1,3,28779,25193,2374,3599,8778,0.3484,561.17,4.23,,,,10.61,9.92,98.2,91,4.4,7953.86,0.315716688,,20,799,91,9.1,100,6686,9689.07,6168.94,5782.01,1921.48,,718,,,769.53,,,
HSK,01/09/2024,35,September,2024,9,1,3,34260,30856,3344,4408,11593,0.3757,750.33,4.46,,,,9.23,8.48,86.6,33,4.3,8748.58,0.283533524,,46,801,87,9.2,100,7863,7365.24,11478.12,5048.65,4458.29,,741,940,,763.54,,,
SOT,01/09/2024,35,September,2024,9,1,3,18339,18339,7,3107,11571,0.5321,756.18,0.01,,,,3106.75,0,92.4,62,4.35,13294.39,0.611314458,,,,77,9.8,100,8751,,,,,18339,,,,,,,
BPS,08/09/2024,36,September,2024,9,2,3,25553,22228,2216,3175,8777,0.3949,561.18,3.95,,,,10.03,9.44,73.4,33,4.4,7584.13,0.341190385,,23,675,91,9.4,100,5918,8532.81,5792.26,4962.74,1631.95,,394.8,,,894.88,,,
HSK,08/09/2024,36,September,2024,9,2,3,34231,30777,3410,4397,10728,0.3486,697.55,4.89,,,,9.03,8.46,74.2,0,4.3,10362.85,0.336702574,,55,758,87,9.2,100,7801,7586.03,11738.76,4975.81,4536.77,,1044.7,,,775.69,,,
SOT,08/09/2024,36,September,2024,9,2,3,18355,18355,7,3331,11140,0.4777,742.42,0.01,,,,3331.42,0,3.8,16.5,4.35,12626.46,0.541444093,,,,77,9.7,100,8751,,,,,18355,,,,,,,
BPS,15/09/2024,37,September,2024,9,3,3,27736,24360,2376,3480,7418,0.3045,485.72,4.89,,,,10.25,9.79,80,0,4.4,7724.13,0.317083684,,33,417,91,9.2,100,6454,8431.19,7215.6,5606.66,1999.4,,208.93,332,,527.13,,,
HSK,15/09/2024,37,September,2024,9,3,3,35701,32331,3507,4619,10840,0.3353,709.47,4.94,,,,9.22,8.08,76,20,4.3,9754.16,0.301701396,,37,428,87,9.1,100,8003,7456.54,11608.84,4843.11,4434.85,,2518.27,334,,889.27,,,
SOT,15/09/2024,37,September,2024,9,3,3,17478,17478,7,2497,11714,0.5374,773.3,0.01,,,,2496.79,0,78,10,4.35,12015.55,0.551215256,,,,77,10,100,8371,,,,,17478,,,,,,,
BPS,22/09/2024,38,September,2024,9,4,3,26974,23888,2285,3413,6239,0.2612,407.57,5.61,,,,10.45,,94.2,71,4.4,7403.84,0.30993881,,30,373,91,9.1,96,6123,8256.52,6413.35,4864.92,1976.78,,1080.4,515.5,,702.6,,,
HSK,22/09/2024,38,September,2024,9,4,3,35611,32092,3522,4585,10004,0.3117,650.3,5.42,,,,9.11,,88,40,4.3,9245.87,0.288108457,,47,449,87,9.4,95,8093,7477.82,12063.97,5066.81,4897.42,,1146.12,490,,755.59,,,
SOT,22/09/2024,38,September,2024,9,4,3,18314,18314,7,3168,11695,0.5273,764.78,0.01,,,,3168.28,,91.1,55.5,4.35,13323.01,0.600731175,,,,77,9.9,95,8756,,,,,18314,,,,,,,
BPS,29/09/2024,39,September,2024,9,5,3,31133,27385,2469,3912,7535,0.2751,489.32,5.05,,,,11.09,,90,60,4.4,8235.49,0.300732048,,28,433,91,9.4,96,6963,10174.57,6660.8,6047.64,1860.86,,884.6,907,,859.34,,,
HSK,29/09/2024,39,September,2024,9,5,3,35938,32380,3468,4626,9371,0.2894,608.32,5.7,,,,9.34,,90,50,4.3,9506.61,0.293594123,,52,403,87,9.4,95,8030,7979.82,11525.92,5414.84,4160.91,,2075.4,,,1277.17,,,
SOT,29/09/2024,39,September,2024,9,5,3,17959,17959,7,3167,10103,0.4557,665.33,0.01,,,,3167.32,,90,55,4.35,11099.62,0.500631449,,,,77,9.6,95,,,,,,17959,,,,,,,
BPS,06/10/2024,40,October,2024,10,1,4,29031,25389,2428,3627,6489,0.2555,421.93,5.75,,,,10.46,,100,100,4.4,7960.94,0.313558628,,24,435,91,9.2,96,6630,9700.83,6375.89,5932.39,1822.45,,373.2,264,,882.62,,,
HSK,06/10/2024,40,October,2024,10,1,4,36338,32778,3456,4683,9600,0.2916,616.98,5.6,,,,9.48,,80,29,4.3,9470.09,0.288916041,,47,451,88,9.4,95,8071,7845.34,12151.26,5109.35,4362.81,,579.8,1199,,1355.63,,,
SOT,06/10/2024,40,October,2024,10,1,4,18844,18844,7,3223,10437,0.5539,700.83,0.01,,,,3222.86,,90,64.5,4.35,11494.69,0.509516401,,,,77,9.7,95,8991,,,,,18844,,,,,,,
BPS,13/10/2024,41,October,2024,10,2,4,28188,24795,2363,3542,8539,0.3443,552.4,4.28,44.89,0.02,0.23,10.49,,76.6,8,4.4,7782.35,0.313867715,,22,398,91,8.3,92,6276,8562.15,5877.2,5597.35,1977.97,,1420,224,,1024.1,,,
HSK,13/10/2024,41,October,2024,10,2,4,36678,33232,3433,4747,10662,0.3208,694.67,4.94,47.84,0.02,0.2,9.68,,92,60,4.3,9415.53,0.283327215,,58,404,88,9.3,100,7939,7427.13,12306.23,5220.9,4491.25,,670.2,2173,,711.87,,,
SOT,13/10/2024,41,October,2024,10,2,4,17403,17403,7,3655,10441,0.4081,695.63,0.01,36.78,0.03,99.38,3654.71,,84.3,34,4.35,15052,0.588359457,,,,77,9.6,96,,,,,,17403,,,,,,,
BPS,20/10/2024,42,October,2024,10,3,4,32048,27954,2582,3993,8632,0.3088,566.77,4.56,49.32,0.02,0.22,10.83,,85,50,4.4,8136.35,0.291062102,,23,450,91,8.9,96,7108,10506.23,6823.89,6332.03,2353.79,,1003,,,802.08,,,
HSK,20/10/2024,42,October,2024,10,3,4,36282,32820,3373,4689,10670,0.3251,699.25,4.82,46.94,0.02,0.21,9.73,,96,80,4.3,9660.21,0.294339122,,40,376,88,9.5,100,8026,7482.72,11739.65,5288.76,4374.98,,1339.4,1430.9,,997.84,,,
SOT,20/10/2024,42,October,2024,10,3,4,18803,18803,7,3942,11758.53,0.4261,787.53,0.01,35.04,0.03,112.5,3942.14,,90.5,65,4.35,15448.89,0.559843812,,,,77,9.7,96,8976,,,,,18803,,,,,,,
BPS,27/10/2024,43,October,2024,10,4,4,30188,26444,2441,3778,8510,0.3218,558,4.37,47.39,0.02,0.23,10.83,,86.6,33,4.4,7963.41,0.301142414,,30,418,91,9.1,96,6846,9948.22,6863.6,6164.39,1847.36,,610.2,283.5,,665.66,,,
HSK,27/10/2024,43,October,2024,10,4,4,35434,32595,3476,4656,10437.09,0.3202,688.18,5.05,47.36,0.02,0.2,9.38,,100,100,4.4,9354.66,0.286996779,,43,378,88,9.2,100,8117,8401.62,11701.67,5480.99,4573.19,,1129,374,,843.99,,,
SOT,27/10/2024,43,October,2024,10,4,4,19603,19603,7,3692,11244.7,0.4351,759.28,0.01,34.04,0.03,108.47,3691.98,,93.3,66.5,4.4,17120.36,0.662453417,,,,77,9.6,96,9356,,,,,19603,,,,,,,
BPS,03/11/2024,44,November,2024,11,1,4,33524,29267,2706,4181,8783.38,0.3001,572.62,4.73,51.11,0.02,0.21,10.82,,86.6,33,4.4,8075.47,0.275924078,,27,448,91,8.8,93,7758,10690.45,7742.28,6961.58,2959.75,,421.1,,,499.5,,,
HSK,03/11/2024,44,November,2024,11,1,4,37818,33692,3541,4813,10511.83,0.312,682.55,5.19,49.36,0.02,0.19,9.51,,93.4,67,4.4,9774.93,0.290126143,,48,408,88,9.6,100,8511,9520.62,11597.9,5830.4,4472.14,,1174.9,,,1088.28,,,
SOT,03/11/2024,44,November,2024,11,1,4,17481,17481,7,3499,11293.16,0.4611,759.28,0.01,32.26,0.03,108.47,3499.01,,90,50,4.4,13454.74,0.549330013,,,,77,8.8,96,8379,,,,,17481,,,,,,,
BPS,10/11/2024,45,November,2024,11,2,4,31334,27498,2566,3928,8449.95,0.3073,546.03,4.7,50.36,0.02,0.21,10.72,,60,-50,4.4,8171.23,0.297157248,,23,404,91,9.3,93,6997,9809.5,6926.77,6163.14,2215.26,,1435.5,,,914.62,,,
HSK,10/11/2024,45,November,2024,11,2,4,33468,30035,3350,4291,10899.15,0.3629,689.53,4.86,43.56,0.02,0.21,8.97,,94,70,4.4,8593.47,0.286115199,,32,333,88,9,87,7653,7296.89,10405.26,4891.59,4483.08,,1602.7,132,,1224.4,,,
SOT,10/11/2024,45,November,2024,11,2,4,18149,18149,7,3541,11661.96,0.4705,789.95,0.01,31.38,0.03,112.85,3540.86,,77,20,4.4,15496.01,0.625192044,,,,77,9.5,97,8699,,,,,18149,,,,,,,
BPS,17/11/2024,46,November,2024,11,3,4,34430,30015,2633,4288,8432.93,0.281,545.78,4.82,54.99,0.02,0.21,11.4,,80,25,4.4,7894.22,0.263009162,,22,452,91,9.1,100,7592,11159.3,7364.23,6788.07,2231.84,,499,658,,756.04,,,
HSK,17/11/2024,46,November,2024,11,3,4,35587,32085,3414,4584,10632.61,0.3314,695.15,4.91,46.16,0.02,0.2,9.4,,92,60,4.4,9218.24,0.287306841,,49,331,88,9,87,7941,7247.15,12063.97,5192.54,4547.88,,739.5,921,,928.95,,,
SOT,17/11/2024,46,November,2024,11,3,4,19165,19165,7,3743,12148.08,0.4636,819.2,0.01,23.39,0.04,117.03,3743.43,,86,42.5,4.4,14240.5,0.543447565,,,,77,9.1,96,8425,,,,,19165,,,,,,,
BPS,24/11/2024,47,November,2024,11,4,4,34920,30502,2707,4357,8584.03,0.281425152,563.83,4.801092528,54.1,0.02,0.21,11.26782416,,88,40,4.4,8148.94,0.267160842,,31,470,91,9,100,7635,11121.73,7085.95,7119.09,2394.82,,1933.05,,,704.5,,,
HSK,24/11/2024,47,November,2024,11,4,4,33023,29607,3162,4230,10190.74,0.344200358,662.6,4.631753698,44.68,0.02,0.21,9.363377609,,80,43,4.4,8940.16,0.301961023,,50,369,88,9.2,90,7356,7336.97,10542.93,5005.7,3968.73,,1522.7,308,,941.7,,,
SOT,24/11/2024,47,November,2024,11,4,4,17461,17461,7,2494,5100.82,0.292126453,363.42,0.019261461,48.05,0.02,51.92,2494.428571,,84,41.5,4.4,9052,0.518412462,,,,77,9.3,97,7509,,,,,17461,,,,,,,
BPS,01/12/2024,48,November,2024,12,1,4,37992,33015,3072,4716,8866.92,0.268572467,576.5,5.328707719,57.27,0.02,0.19,10.74707031,,80,33,4.4,9134,0.276662123,,36,466,91,8.7,100,8253,12900.22,8243.89,7630.44,2445.84,,941,,,781.63,,,
HSK,01/12/2024,48,November,2024,12,1,4,35450,31747,3332,4535,10174.48,0.320486345,659.8,5.050015156,48.12,0.02,0.2,9.527911164,,94,71,4.4,9713,0.305950169,,37,368,88,8.8,90,8087,5062.35,11953.77,2986.7,1441.84,,280,,,1662.02,,,
SOT,01/12/2024,48,November,2024,12,1,4,19016,19016,7,2717,5430.47,0.285573727,385.05,0.018179457,49.39,0.02,55.01,2716.571429,,87,52,4.4,5430,0.285549011,,,,77,9.1,100,8164,,,,,19016,,,,,,,
BPS,08/12/2024,49,December,2024,12,2,4,39435,34123,3190,4875,9759.79,0.286017935,630.27,5.533391154,54.14,0.02,0.2,10.6968652,,91.6,75,4.4,9311.85,0.272890719,,19,390,91,8.8,97,8802,13819.82,7767.3,8366.25,2261.44,,697,153,,964.57,,,
HSK,08/12/2024,49,December,2024,12,2,4,33076,29607,3225,4230,9723.12,0.32840612,633.02,5.094625762,46.77,0.02,0.2,9.180465116,,76.6,33,4.4,8944.87,0.302120107,,38,358,88,9.1,94,7235,7271.69,9930.11,4849.31,4269.81,,1119.1,1092.5,,977.42,,,
SOT,08/12/2024,49,December,2024,12,2,4,19365,19365,7,2766,6038.9,0.311846114,419.37,0.008624195,46.18,0.02,59.91,2766.428571,,84.1,54,4.4,10040.51,0.518487477,,,,77,9.3,94,8309,,,,,19365,,,,,,,
BPS,15/12/2024,50,December,2024,12,3,4,39542,34184,3182,4883,9898,0.289550667,636.35,5.000392866,53.72,0.02,0.2,10.74292898,,80,0,4.4,9508.83,0.278166101,,23,503,91,9.1,100,8912,13834.08,8206.86,8438.38,2497.08,,651.95,,,577.41,,,
HSK,15/12/2024,50,December,2024,12,3,4,33323,29896,3214,4271,9981.35,0.333869079,651.82,4.930809119,45.87,0.02,0.2,9.301804605,,97.6,88,4.4,8486.85,0.283879114,,44,387,88,9.1,97,7578,7402.92,11213.53,4857.04,4164.06,,1096.05,,,1187.56,,,
SOT,15/12/2024,50,December,2024,12,3,4,19409,19409,7,2773,4572.82,0.235603071,316.07,0.022146993,61.41,0.02,45.15,2772.714286,,88.8,44,4.4,10049.58,0.517779381,,,,77,9.4,94,8324,,,,,19409,,,,,,,
BPS,22/12/2024,51,December,2024,12,4,4,38331,32954,3009,4708,9977.95,0.302784184,640.47,4.698112324,51.45283932,0.019435273,0.212851446,10.95181123,,100,100,4.4,9661.23,0.293173211,,23,517,91,9.1,100,8591,14960.69,7062.18,8332.74,1895.53,,228,,,597,,,
HSK,22/12/2024,51,December,2024,12,4,4,31049,27744,2929,3963,9670.5,0.348561851,633.2,4.625710676,43.81554011,0.022822953,0.216182998,9.472174804,,100,100,4.4,8786.13,0.31668577,,48,367,88,9.2,97,6890,7227.86,10338.67,4798.2,3659.96,,871.3,,,861.48,,,
SOT,22/12/2024,51,December,2024,12,4,4,19627,19627,7,2804,5678.36,0.289313701,393.25,0.017800381,49.90972664,0.020036175,56.17857143,2803.857143,,100,100,4.4,10028.1,0.510933918,,,,77,9.7,94,8402,,,,,19627,,,,,,,
BPS,29/12/2024,52,December,2024,12,5,4,37198,32021,2679,4574,9523.03,0.297399519,649.15,4.126935223,49.32758222,0.020272634,0.242310564,11.95259425,,100,100,4.4,8920.94,0.278596546,,34,411,91,8.7,100,8429,13856.01,7208.51,8282.13,2043.23,,131.25,,,531.77,,,
HSK,29/12/2024,52,December,2024,12,5,4,26544,23508,2354,3358,7309,0.310915433,492.28,4.781831478,47.75331112,0.020940956,0.209124894,9.986406117,,83.6,45,4.4,7304.68,0.310731666,,49,318,88,8.7,97,5920,6872.13,8879.84,4341,2899.41,,131.9,,,400.6,,,
SOT,29/12/2024,52,December,2024,12,5,4,15515,15515,7,2216,3937.16,0.253764744,274.55,0.025496267,56.5106538,0.017695778,39.22142857,2216.428571,,91.8,72.5,4.4,7962.97,0.513243313,,,,77,9.6,94,6626,,,,,15515,,,,,,,
BPS,05/01/2025,1,January,2025,1,1,1,40386,34743,2967,4963,10343.17,0.297705149,678.8,4.370948733,51.18296995,0.019537749,0.228783283,11.70980789,,92,60,4.4,9941.85,0.286154045,,32,492,91,8.6,100,9037,15263.08,8109.65,8996.94,2139.79,,,,,236.9,,,
HSK,05/01/2025,1,January,2025,1,1,1,31157,27755,2807,3965,9021.96,0.325057107,582.32,4.820373678,47.66279709,0.020980724,0.207452797,9.887780549,,87.2,62,4.4,7994.68,0.288044677,,44,391,88,9,97,7078,7441.84,10418.58,4979.83,3650.79,,480.11,,,821.7,,,
SOT,05/01/2025,1,January,2025,1,1,1,19074,19074,7,2725,4687.2,0.245737653,324.52,0.021570319,58.77603846,0.017013736,46.36,2724.857143,,89.6,61,4.4,8163.39,0.427985215,,,,77,9.1,94,8115,,,,,19074,,,,,,,
BPS,12/01/2025,2,January,2025,1,2,1,24373,21091,2136,3013,7312,0.346680435,473.58,4.510325605,44.53623464,0.022453627,0.221713483,9.874283708,,53.4,-67,4.4,6226.62,0.295219821,,19,375,91,9.2,100,5514,8237.68,5214.04,5409.36,1440.4,,336,,,399.99,,,
HSK,12/01/2025,2,January,2025,1,2,1,27507,24750,2723,3536,10363.86,0.418734882,661.83,4.114349606,37.39692973,0.026740163,0.243051781,9.089390378,,95,75,4.4,7527.98,0.30415577,,36,336,88,9.6,97,6214,5734.66,9261.44,3858.04,3489.58,,1279.7,240,,765.89,,,
SOT,12/01/2025,2,January,2025,1,2,1,16479,16479,7,2354,5038.55,0.305756738,343.45,0.020381424,47.98063765,0.020841741,49.06428571,2354.135714,,74.2,4,4.4,9792.09,0.594218078,,,,77,9.3,97,7033,,,,,16478.95,,,,,,,
BPS,19/01/2025,3,January,2025,1,3,1,25922,22745,2096,3249,7428.07,0.326580347,475.52,4.407806191,47.83184724,0.020906573,0.226870229,10.85162214,,100,100,4.4,6472.32,0.284560123,,33,348,91,9.4,100,5624,8071.7,5652.5,5115.97,1296.25,,1749,195,,534.72,,,
HSK,19/01/2025,3,January,2025,1,3,1,27964,25106,2878,3587,9808.96,0.390701824,620.6,4.637447631,40.45439897,0.024719191,0.215635858,8.723419041,,92,56,4.4,7577.51,0.30182068,,40,344,88,9.6,97,6474,5786.48,9653.24,4218.33,3636.14,,811.1,,,907.65,,,
SOT,19/01/2025,3,January,2025,1,3,1,15120,15120,7,2160,4548.53,0.300828704,308.1,0.022719896,49.07497566,0.020376984,44.01428571,2160,,96,78,4.4,8026.75,0.530869709,,,,77,9.3,97,6384,,,,,15120,,,,,,,
BPS,26/01/2025,4,January,2025,1,4,1,27721,23968,2475,3424,7548.17,0.314926986,489.27,5.058556625,48.98726674,0.020413468,0.197684848,9.684040404,,80,0,4.4,6985.3,0.291442757,,22,410,96,9.2,100,6332,9502.75,5830.94,5913.69,1498.16,,765,,,399.97,,,
HSK,26/01/2025,4,January,2025,1,4,1,30326,27394,3125,3913.428571,9576.25,0.349574724,606.92,5.148948791,45.13609701,0.022155216,0.1942144,8.76608,,100,100,4.4,7618.12,0.278094473,,46,338,88,9.6,100,6658,6121.76,9492.47,3418.68,3610.9,,1527.08,1223.5,,884.14,,,
SOT,26/01/2025,4,January,2025,1,4,1,17037,17037,7,2433.857143,4638.07,0.272235135,315.53,0.022184895,53.99486578,0.018520279,45.07571429,2433.857143,,90,50,4.4,8939.51,0.52471151,,,,77,9.4,97,7364,,,,,17037,,,,,,,
BPS,02/02/2025,5,February,2025,2,1,1,29263,25815,2491,3687.857143,8247.05,0.319467364,517.52,4.813340547,49.88213016,0.020047259,0.207755921,10.36330791,,90,50,4.4,7611.31,0.294840597,,32,458,89,9,100,6796,9770.58,6251.58,5997.41,1678.89,,1270.2,,,762.52,,,
HSK,02/02/2025,5,February,2025,2,1,1,29865,26971,2993,3853,8993.81,0.333462237,559.68,5.347698685,48.19003716,0.020751177,0.186996325,9.01135984,,94.2,71,4.4,7572.65,0.280770086,,37,416,90,9.6,100,6904,6269.93,10344.47,4401.95,3842.76,,1141.15,,,660.64,,,
SOT,02/02/2025,5,February,2025,2,1,1,15029,15029,7,2147,4240.12,0.282129217,290.57,0.024090581,51.72247651,0.019333954,41.51,2147,,92.1,60.5,4.4,8045,0.535298423,,,,78,9,94,7200,,,,,15029,,,,,,,
BPS,09/02/2025,6,February,2025,2,2,1,29096,25242,2402,3606,8298.04,0.328739403,517.22,4.644058621,48.8032172,0.020490452,0.215328893,10.50874271,,65,0,4.4,7330.66,0.290415181,,32,481,96,9,100,6811,10013.99,6274.28,6032.6,1393.74,,410,165.5,,859.11,,,
HSK,09/02/2025,6,February,2025,2,2,1,29541,26495,3030,3785,8434.23,0.318332893,529.77,5.719463163,50.01226948,0.019995093,0.174841584,8.744224422,,94.2,71,4.4,7553.64,0.285096811,,43,354,89,9.6,100,6822,6368.36,9521.06,4611.69,3752.42,,1137.7,,,951.67,,,
SOT,09/02/2025,6,February,2025,2,2,1,16872,16872,7,2410,4384.24,0.259853011,294.72,0.023751357,57.247557,0.017467994,42.10285714,2410.285714,,79.6,35.5,4.4,8971.35,0.531730085,,,,78,9.8,97,7245,,,,,16872,,,,,,,
BPS,16/02/2025,7,February,2025,2,3,1,31904,27673,2681,3953,8509.02,0.307484552,536.27,4.999347344,51.60273743,0.019378817,0.20002611,10.32189482,,82,30,4.4,8198.93,0.296279045,,25,535,96,9,100,7380,11232.84,6591.94,6830.02,1628.85,,677,,,656.91,,,
HSK,16/02/2025,7,February,2025,2,3,1,31538,28448,3028,4064,9090.85,0.31956025,564.67,5.362424071,50.37986789,0.019849199,0.186482827,9.394980185,,100,100,4.4,7953.91,0.279594699,,45,448,89,9.5,100,6921,6563.61,10345.32,4767.73,3520.02,,2187.1,,,809.8,,,
SOT,16/02/2025,7,February,2025,2,3,1,18417,18417,7,2631,4626.87,0.251228213,306.15,0.022864609,60.15678589,0.016623229,43.73571429,2631,,91,65,4.4,9861.62,0.535462888,,,,78,9.9,97,7884,,,,,18417,,,,,,,
BPS,23/02/2025,8,February,2025,2,4,1,38979,33542,2995,4792,10145.43,0.302469441,648.1,4.621200432,51.7543589,0.019322044,0.21639399,11.19933222,,68.8,0,4.4,9905.69,0.295321984,,27,597,96,8.6,97,9355,15249.74,7060.43,7965.77,1893.14,,500,,,829.67,,,
HSK,23/02/2025,8,February,2025,2,4,1,28614,25445,3122,3635,8241.93,0.323911574,517.88,6.028423573,49.13300378,0.020352918,0.165880846,8.150224215,,100,100,4.4,7463.75,0.293328748,,32,387,89,9.5,100,6643,6810.35,8820.4,4789.78,3535.59,,777.19,,,615.75,,,
SOT,23/02/2025,8,February,2025,2,4,1,19288,19288,7,2755,4464.25,0.231452198,290.03,0.024135434,66.50346516,0.01503681,41.43285714,2755.428571,,84.4,50,4.4,11763.15,0.60986883,,,,78,9.7,100,8254,,,,,19288,,,,,,,
BPS,02/03/2025,9,March,2025,3,1,1,29174,25514,2467,3644.857143,9144.31,0.358403622,573.17,4.304133154,44.51384406,0.022464921,0.23233482,10.34211593,,100,100,4.4,7503.22,0.294082465,,27,398,96,9,100,6364,9650.68,6666.83,5686.84,1492.75,,1151.4,271,,516.15,,,
HSK,02/03/2025,9,March,2025,3,1,1,31349,28152,3184,4021.714286,8202.75,0.291373615,526.78,6.044268955,53.44166445,0.018711992,0.16544598,8.841708543,,90,50,4.4,7983.05,0.283569551,,48,385,89,9.4,100,7281,6724.31,10632.58,4703.82,4020.18,,828.2,,,1113.45,,,
SOT,02/03/2025,9,March,2025,3,1,1,18350,18350,7,2621.428571,4573.67,0.249246322,305.12,0.022941793,60.14027268,0.016627793,43.58857143,2621.428571,,95,75,4.4,8167.57,0.445099183,,,,78,9.3,100,7874,,,,,18350,,,,,,,
BPS,09/03/2025,10,March,2025,3,2,1,22372,19833,1970,2833.285714,8076.23,0.407211718,506.47,3.8896677,39.15927893,0.025536732,0.257091371,10.06751269,,85,25,4.4,6340.44,0.319691423,,20,327,96,8.7,97,4983,6847.29,6058.81,4051.71,1332.58,,877.2,,,658.1,,,
HSK,09/03/2025,10,March,2025,3,2,1,31349,28518,2970,4074,8798.05,0.308508661,556.52,5.336735427,51.24344139,0.019514692,0.187380471,9.602020202,,96,80,4.4,8263.31,0.289757697,,53,479,89,9.2,100,6827,6113.18,11810.19,4006.48,3803.28,,1796.5,,,1018.38,,,
SOT,09/03/2025,10,March,2025,3,2,1,15594,15594,7,2227.714286,5644.54,0.361968706,381.85,0.018331806,40.8380254,0.024486982,54.55,2227.714286,,90.5,52.5,4.4,8257.47,0.529528665,,,,78,9.5,100,6764,,,,,15594,,,,,,,
BPS,16/03/2025,11,March,2025,3,3,1,29593,26005,2278,0,8521.16,0.327673909,535.12,4.256989087,48.59657647,0.234907814,0.234907814,11.41571554,,80,43,4.4,7824.08,0.300868295,,26,353,96,8.6,97,6113,9258.29,6342.5,5709.8,1323.32,,2413.5,172,192.86,416.1,,,
HSK,16/03/2025,11,March,2025,3,3,1,32708,29535,3123,0,8665.35,0.293392585,545.68,5.723134438,54.12512828,0.174729427,0.174729427,9.457252642,,100,100,4.4,8570.61,0.290184865,,50,453,89,9.6,100,7138,6738.54,11549.82,4659.24,3736.46,,1358.22,,,1400.96,,,
SOT,16/03/2025,11,March,2025,3,3,1,15098,15098,7,0,4735.48,0.31364949,322.18,0.021726985,46.86200261,46.02571429,46.02571429,2156.857143,,90,71.5,4.4,7890.93,0.522647371,,,,78,9.9,100,6559,,,,,15098,,,,,,,
BPS,23/03/2025,12,March,2025,3,4,1,28033,24990,2081,3570,9121.17,0.364992797,545.83,3.812542367,45.7834857,0.021841937,0.262292167,12.00864969,,100,100,4.4,7794.7,0.311912765,,18,387,96,9.2,97,5615,8130.94,5990.31,4690.82,1384.12,,1609.6,834.4,95.49,538.6,,,
HSK,23/03/2025,12,March,2025,3,4,1,33560,30222,3194,4317.428571,8927.31,0.295391106,542.63,5.886147098,55.69540939,0.017954801,0.16989042,9.462116468,,93.4,67,4.4,8619.02,0.285190259,,41,397,89,9.6,94,7485,7261.12,10305.07,4686.02,4173.87,,2536.53,,,1324.4,,,
SOT,23/03/2025,12,March,2025,3,4,1,15807,15807,7,2258.142857,5489.03,0.347253116,355.9,0.019668446,44.41416128,0.022515341,50.84285714,2258.142857,,96.7,83.5,4.4,8231.8,0.520769279,,,,78,9.2,94,6819,,,,,15807,,,,,,,
BPS,30/03/2025,13,March,2025,3,5,1,29458,25810,2326,3687.142857,8672.81,0.336025184,520.87,4.465605621,49.55171156,0.020180938,0.223933792,11.09630267,,100,100,4.4,7385.13,0.286134444,,29,489,96,9.4,100,6290,9773.71,7483.44,5250.97,1624.85,,569.2,65,,935.2,,,
HSK,30/03/2025,13,March,2025,3,5,1,33340,30010,3433,4287.142857,9214.13,0.307035322,547.08,6.275133436,54.85486583,0.018229923,0.159359161,8.741625401,,100,100,4.4,6593.24,0.219701433,,51,467,89,9.6,100,7394,6965.81,12100.54,4649.07,4189.16,,1201.13,,,970.6,,,
SOT,30/03/2025,13,March,2025,3,5,1,15977,15977,7,2282.428571,6031.21,0.377493272,387.77,0.018051938,41.20225907,0.024270514,55.39571429,2282.428571,,100,100,4.4,8359.79,0.523239031,,,,78,9.7,94,6919,,,,,15977,,,,,,,
BPS,06/04/2025,14,April,2025,4,1,2,29667,25926,2449,3703.714286,8382.11,0.323309033,499.65,4.901431002,51.88832183,0.019272159,0.20402205,10.58636178,,76.6,33,4.4,7905.83,0.304938286,,26,457,96,9.3,100,6298,9831.3,6495.66,5454.24,1340.34,,1652.38,220,191.15,532.7,,,
HSK,06/04/2025,14,April,2025,4,1,2,31208,28089,3179,4012.714286,9323.48,0.331926377,554.67,5.731335749,50.64092163,0.019746876,0.174479396,8.835797421,,95,75,4.4,8040.58,0.286253694,,53,387,89,9.5,100,7134,6365.51,10850,4510.24,4439.99,,958.6,,,981.52,,,
SOT,06/04/2025,14,April,2025,4,1,2,13829,13829,7,1975.571429,6149.71,0.444696652,397.97,0.017589266,34.74885042,0.02877793,56.85285714,1975.571429,,85.8,54,4.4,8266.63,0.597774966,,,,78,9.4,94,5972,,,,,13829,,,,,,,
BPS,13/04/2025,15,April,2025,4,2,2,28875,25334,2311,3619.142857,8641.06,0.341085498,498.02,4.640375889,50.86944299,0.019658167,0.215499784,10.96235396,,80,33,4.4,8083.7,0.319085024,,20,478,96,8.7,100,6328,9559.66,6457.83,5267.33,1504.71,,1197.2,,93.83,629.3,,,
HSK,13/04/2025,15,April,2025,4,2,2,32473,29092,3237,4156,10032.54,0.34485563,579.27,5.58806774,50.22183093,0.01991166,0.178952734,8.987333951,,96.6,83,4.4,8459.15,0.290772377,,44,429,89,9.5,100,7361,7306.81,10350.22,4910.93,4181.34,,1139.1,,,798.3,,462.94,
SOT,13/04/2025,15,April,2025,4,2,2,13800,13800,7,1971.428571,5770.33,0.418139855,358.7,0.019514915,38.47226094,0.025992754,51.24285714,1971.428571,,88.3,58,4.4,7222.34,0.523357971,,,,78,9.4,97,5924,,,,,13800,,,,,,,
BPS,20/04/2025,16,April,2025,4,3,2,32482,28138,2476,4019.714286,8991.94,0.319565712,528.85,4.681856859,53.20601305,0.018794868,0.213590468,11.36429725,,91.6,75,4.4,8361.19,0.297149406,,26,510,96,9,100,7124,11622.27,6620.63,6739.98,960.74,,684.5,,128.3,356.9,,642.22,
HSK,20/04/2025,16,April,2025,4,3,2,35618,31935,3117,4562.142857,9476.54,0.296744638,557.17,5.59434284,57.31643843,0.017447002,0.178752005,10.2454283,,100,100,4.4,9260.92,0.289992798,,59,462,89,9.5,100,7811,8265.41,11826.65,5099.97,1731.62,,1226.2,130,,686.5,,714.2,
SOT,20/04/2025,16,April,2025,4,3,2,17030,17030,7,2432.857143,6199.19,0.364015854,387.25,0.018076178,43.9767592,0.022739284,55.32142857,2432.857143,,95.8,87.5,4.4,10376.48,0.609305931,,,,78,9.9,100,7230,,,,,17030,,,,,,,
BPS,27/04/2025,17,April,2025,4,4,2,27503,24446,2154,3492.285714,8271.68,0.338365377,481.03,4.477891192,50.82011517,0.019677248,0.223319406,11.34911792,,75,25,4.4,7559.44,0.30923014,,26,400,96,9.1,100,5858,8191.99,6490.41,4613.06,1395.36,,1991.45,141.5,40.46,535.7,,1048.14,
HSK,27/04/2025,17,April,2025,4,4,2,35061,31626,3097,4518,9669.88,0.305757288,571.53,5.418788165,55.33567792,0.018071523,0.184543106,10.21181789,,80,43,4.4,9089.06,0.287392019,,59,465,89,9.5,97,7479,7943.56,11606.57,4536.75,3822.36,,1502,684,,778.4,,774.8,
SOT,27/04/2025,17,April,2025,4,4,2,17065,17065,7,2437.857143,6272.17,0.367545854,393.22,0.017801739,43.39809776,0.023042485,56.17428571,2437.857143,,77.5,34,4.4,8925.61,0.523036039,,,,78,9.3,97,7396,,,,,17065,,,,,,,
BPS,04/05/2025,18,May,2025,5,1,2,26038,22896,2054,3270.857143,7740.92,0.338090496,450.62,4.558164307,50.80999512,0.019681167,0.219386563,11.14703019,,100,100,4.4,7169.4,0.313128931,,19,382,96,8.9,100,5959,8320,6468,4578,1539,,113,,47.39,,,1218.74,
HSK,04/05/2025,18,May,2025,5,1,2,35740,31740,3227,4534.285714,10221.81,0.322048204,596,5.41442953,53.25503356,0.018777568,0.184691664,9.835760769,,60,0,4.4,9240.44,0.291129175,,46,440,89,9.1,100,7624,7195,11284,4359,4770,,2052,423,,945,19.8,815,
SOT,04/05/2025,18,May,2025,5,1,2,16415,16415,7,2345,6252.31,0.38089004,391.2,0.017893661,41.96063395,0.023831861,55.88571429,2345,,80,50,4.4,8534.97,0.519949436,,,,78,9.4,100,7056,,,,,16415,,,,,,,
BPS,11/05/2025,19,May,2025,5,2,2,27092,23853,2342,3407.571429,8162.88,0.342216073,478.42,4.895280298,49.85786547,0.020057016,0.204278395,10.18488471,,82.8,43,4.4,7604.96,0.318826143,,27,393,96,9,100,6355,8439,6677,4837,1688,,631,72,54.29,581.38,,908.86,
HSK,11/05/2025,19,May,2025,5,2,2,36142,32702,3381,4671.714286,10248.87,0.313401933,597.27,5.660756442,54.75245701,0.018264021,0.176654836,9.672286306,,100,100,4.4,9390.99,0.287168675,,58,431,89,9.3,100,7778,7285,12416,4702,4588,,2162,,,952.9,,668.08,
SOT,11/05/2025,19,May,2025,5,2,2,16921,16921,7,2417.285714,6789.25,0.401232197,412.1,0.016986168,41.06042223,0.024354353,58.87142857,2417.285714,,91.4,71.5,4.4,8769.94,0.518287335,,,,78,9.8,100,7282,,,,,16921,,,,,,,
BPS,18/05/2025,20,May,2025,5,3,2,24261,21420,2080,3060,7779.57,0.363191877,455.75,4.56390565,46.99945145,0.021276844,0.219110577,10.29807692,,98.2,91,4.4,6631.4,0.309589169,,24,339,96,9.1,100,5464,7542,6209,4224,1555,,489.5,,50.34,617.64,,487.9,
HSK,18/05/2025,20,May,2025,5,3,2,34595,31345,3407,4477.857143,9399.17,0.29986186,557.35,6.112855477,56.23934691,0.017781145,0.163589668,9.200176108,,86.6,67,4.4,9168.06,0.292488754,,74,363,89,9.4,100,7453,6637,12609,4724,4690,,1697.7,,,791.44,,182.6,
SOT,18/05/2025,20,May,2025,5,3,2,15962,15962,7,2280.285714,6886.2,0.431412104,393.25,0.017800381,40.5899555,0.024636637,56.17857143,2280.285714,,92.4,79,4.4,8299.62,0.519961158,,,,78,9.7,100,6876,,,,,15962,,,,,,,
BPS,25/05/2025,21,May,2025,5,4,2,30486,26953,2368,3850.428571,8360,0.310169554,485.58,4.876642366,55.50681659,0.018015805,0.205059122,11.38217905,,97.2,86,4.4,7058.06,0.26186547,,31,409,96,9.2,100,6448,9189,7045,5373,1764,,2377,,107,423,,491,
HSK,25/05/2025,21,May,2025,5,4,2,35279,32011,3316,4573,9864.44,0.308157821,587.95,5.639935369,54.44510588,0.018367124,0.177306996,9.653498191,,97.2,86,4.4,8570.05,0.267722033,,56,420,89,9.5,100,7508,6805,11863,4592,4548,22,2610,508,,849,,31,
SOT,25/05/2025,21,May,2025,5,4,2,19395,19395,7,2770.714286,6998.2,0.360824955,421.58,0.016604203,46.00550311,0.02173653,60.22571429,2770.714286,,97.2,86,4.4,10082.93,0.519872648,,,,78,9.3,100,8310,,,,,19395,,,,,,,
BPS,01/06/2025,22,June,2025,6,1,2,30129,26272,2470,3753.142857,8593.12,0.327082826,505.97,4.881712354,51.92402712,0.019258907,0.204846154,10.63643725,,95,75,4.4,7523.64,0.286374848,,27,454,96,9.2,100,6783,10160,7350,5686,1980,,,,75,650,40,343,
HSK,01/06/2025,22,June,2025,6,1,2,34071,30723,3274,4389,9734.14,0.316835595,580.6,5.638994144,52.91594902,0.018897894,0.177336591,9.383934026,,93.4,67,4.4,8043.23,0.261798327,,59,448,89,9.6,100,7353,7017,11757,4286,4841,,998,905.5,,680.55,33,210,
SOT,01/06/2025,22,June,2025,6,1,2,20460,20460,7,2922.857143,7103.45,0.347187195,433.18,0.016159564,47.23209751,0.021172043,61.88285714,2922.857143,,94.2,71,4.4,10627.61,0.519433529,,,,78,9.2,91,8708,,,,,20460,,,,,,,
BPS,08/06/2025,23,June,2025,6,2,2,29150,25766,2365,3680.857143,7660.59,0.297313902,457.8,5.166011359,56.28221931,0.017767601,0.017767601,10.89471459,,91,55,4.4,8082.26,0.313679267,,34,379,96,8.9,100,6316,8924,6694,5212,1471,,2002,,309.11,585,95,485,
HSK,08/06/2025,23,June,2025,6,2,2,37329,33861,3720,4837.285714,9913.1,0.292758631,581.85,6.393400361,58.19541119,0.017183485,0.017183485,9.102419355,,77.6,38,4.4,9727.12,0.287266176,,48,431,89,9.3,100,8124,7114,12950,4557,5227,,2628,102,,923,,312,
SOT,08/06/2025,23,June,2025,6,2,2,19410,19410,7,2772.857143,7336.72,0.377986605,446.05,0.015693308,43.51530098,0.022980422,0.022980422,2772.857143,,84,47,4.4,10229.39,0.527016486,,,,78,9.3,100,8278,,,,,19410,,,,,,,
BPS,15/06/2025,24,June,2025,6,3,2,30301,27005,2364,3857.857143,8425.36,0.311992594,483.43,4.890056471,55.86124154,0.0179015,0.204496616,11.42343486,,82.8,14,4.4,8641.17,0.319984077,,33,407,96,8.9,100,6249,8499,6729,5068,1450,,3870,,344,576,89,337,
HSK,15/06/2025,24,June,2025,6,3,2,35034,31636,3422,4519.428571,9705.04,0.306772032,572.1,5.981471771,55.29802482,0.018083829,0.167182934,9.244886032,,88.6,57,4.4,9220.08,0.29144266,,59,366,89,9.4,100,7698,7340,12158,4329,4859,,1885.4,,,873.95,,280,
SOT,15/06/2025,24,June,2025,6,3,2,23357,23357,7,3336.714286,6511.79,0.278793938,390.82,0.017911059,59.76408577,0.016732457,55.83142857,3336.714286,,85.7,35.5,4.4,11344.89,0.485716916,,,,78,8.7,84,9189,,,,,23357,,,,,,,
BPS,22/06/2025,25,June,2025,6,4,2,25512,22528,2231,873.4285714,7883.56,1.289427543,470.27,4.744083186,13.00104195,0.076916912,0.210788884,2.740475123,,95,75,4.4,7853.06,0.307818282,,29,365,96,8.9,100,5792,7427,5995,4672,1493,,1999,,285.3,251,109,226,
HSK,22/06/2025,25,June,2025,6,4,2,33503,30248,3456,4321.142857,9830.85,0.325008265,572.38,6.037946819,52.84601139,0.018922904,0.165619213,8.752314815,,76,0,4.4,9154.31,0.273238516,,37,306,89,9.4,100,7716,6303,11282,3994,6114,,1842,,,604,,111,
SOT,22/06/2025,25,June,2025,6,4,2,25857,25857,7,3693.857143,5998.11,0.231972387,376.68,0.018583413,68.64447276,0.014567815,53.81142857,3693.857143,,85.5,37.5,4.4,13019.22,0.503508528,,,,78,9.1,94,9958,,,,,25857,,,,,,,
BPS,29/06/2025,26,June,2025,6,5,2,27763,24784,2238,3540.571429,7498.67,0.302560926,434.02,5.156444403,57.10335929,0.017512105,0.193932082,11.07417337,,90,50,4.4,8228,0.33198838,,32,341,96,8.6,100,5859,7310,6995,4741,1554,,3083,,318,336,19,416,
HSK,29/06/2025,26,June,2025,6,5,2,36531,32954,3470,4707.714286,10519,0.319202525,614.65,5.645489303,53.61425201,0.018651757,0.177132565,9.496829971,,93.8,85,4.4,9561,0.290131699,,54,350,89,9.1,100,7952,7253,11734,4677,5459,,2381,13,,917,,318.62,
SOT,29/06/2025,26,June,2025,6,5,2,28610,28610,7,4087.142857,7667.26,0.26799231,469.33,0.014914879,60.95923977,0.016404404,67.04714286,4087.142857,,91.9,67.5,4.4,14416.87,0.503910171,,,,78,9.1,89,10976,,,,,28610,,,,,,,
BPS,06/07/2025,27,July,2025,7,1,3,29818,25259,2518,3608.428571,8167.48,0.323349301,468.62,5.373223507,53.90081516,0.018552595,0.186108022,10.03137411,,100,100,4.4,8128.92,0.321822717,,28,394,96,9,,6651,8981,7045,5386,1640,,1971,,589,309,,403,
HSK,06/07/2025,27,July,2025,7,1,3,40305,36731,3426,5247.285714,10832.66,0.294918733,662.08,5.174601257,55.47818995,0.018025101,0.193251605,10.72124927,,96.4,82,4.4,10521.03,0.286434619,,40,358,89,9.1,,8106,7382,11193,4339,5825,,5731,794,,1227,,236,
SOT,06/07/2025,27,July,2025,7,1,3,32917,32917,7,4702.428571,7356.5,0.223486344,442.3,0.015826362,74.42233778,0.013436826,63.18571429,4702.428571,,98.2,91,4.4,16449.94,0.499739952,,,,78,8,,12534,,,,,32917,,,,,,,
BPS,13/07/2025,28,July,2025,7,2,3,28891,25667,2389,3666.714286,8067.01,0.314295009,467.93,5.105464493,54.85222149,0.018230802,0.195868564,10.74382587,,72.4,0,4.4,8177.92,0.318616122,,35,398,96,9.2,,6225,8182,6542,5202,1528,,2516,124,421,689,38,378,
HSK,13/07/2025,28,July,2025,7,2,3,33069,30023,3147,4289,9632.34,0.320832029,585.9,5.371223758,51.24253286,0.019515038,0.186177312,9.540197013,,95.4,85,4.4,8907.84,0.29670053,,45,312,89,8.9,,7217,6271,10748,3785,5193,,2070,205,,1400,,365,
SOT,13/07/2025,28,July,2025,7,2,3,27873,27873,7,3981.857143,8089.45,0.290225308,484.13,0.014458926,57.57337905,0.017369139,69.16142857,3981.857143,,83.9,42.5,4.4,14051.95,0.504142001,,,,78,7.8,,10707,,,,,27873,,,,,,,
BPS,20/07/2025,29,July,2025,7,3,3,29447,25748,2290,3678.285714,7603.12,0.295289731,446.7,5.126483098,57.64047459,0.01734892,0.195065502,11.24366812,,93,73,4.4,8123.64,0.31550567,,36,408,96,9,,6655,9943,7210,5754,1607,,728,116,116,327,14,,
HSK,20/07/2025,29,July,2025,7,3,3,35128,31760,3201,4537.142857,10539.37,0.331844144,633.4,5.05367856,50.14209031,0.019943325,0.197875664,9.921899406,,92.8,71,4.4,9127.36,0.28738539,,46,412,89,9.4,,7474,7664,10484,4584,4750,,2503,440,,917,,419,
SOT,20/07/2025,29,July,2025,7,3,3,29149,29149,7,4164.142857,6957.65,0.23869258,417.08,0.016783351,69.88827084,0.014308553,59.58285714,4164.142857,,92.9,72,4.4,14690.31,0.503973035,,,,78,8.8,,11166,,,,,29149,,,,,,,
BPS,27/07/2025,30,July,2025,7,4,3,27766,24224,2392,3476.285714,7818,0.321278869,465.18,5.142095533,52.3109334,0.019116463,0.194473244,10.17307692,,97.4,91,4.4,7880.74,0.323857155,,30,388,96,8.9,,6314,9287,6493,5320,1506,,637,,401,507,,81,
HSK,27/07/2025,30,July,2025,7,4,3,33817,30401,3173,4343,10740,0.353277853,634,5.004731861,47.9511041,0.020854577,0.199810905,9.581153483,,95,75,4.4,9056.83,0.29791224,,50,372,89,9.1,,7480,7288,10998,4641,4712,,1640,,,834,,315.89,
SOT,27/07/2025,30,July,2025,7,4,3,27930,27930,7,3990,7084,0.253634085,419,0.016706444,66.65871122,0.01500179,59.85714286,3990,,96.2,83,4.4,14078.23,0.504054064,,,,78,8.4,,10698,,,,,27930,,,,,,,
BPS,03/08/2025,31,August,2025,8,1,3,30283,26597,2517,359.5714286,8167.35,0.307077866,480.78,5.235242731,55.32052082,0.018076475,0.191013111,10.56694478,,56,-40,4.4,8180.27,0.307563635,,38,457,96,8.8,,6731,9848,6800,5736,1553,,608,420,487,928,,243,
HSK,03/08/2025,31,August,2025,8,1,3,35299,31919,3297,4559.857143,10214.44,0.320011279,609.75,5.407134071,52.34768348,0.019103042,0.184940855,9.681225356,,96,80,4.4,9449.03,0.296031517,,55,462,89,9.1,,7960,7105,11777,4738,5025,,1891,,,925,,472,
SOT,03/08/2025,31,August,2025,8,1,3,22875,22875,7,1,7889.53,0.344897486,474.6,0.014749263,48.19848293,0.020747541,67.8,3267.857143,,76,20,4.4,11530.59,0.504069508,,,,78,8.5,,8826,,,,,22875,,,,,,,
BPS,10/08/2025,32,August,2025,8,2,3,29148,25730,2547,3675.714286,8708.84,0.338470268,506.08,5.032801138,50.84176415,0.198696506,0.198696506,10.10208088,,86.6,44,4.4,8380.71,0.32571745,,35,384,96,8.1,,6715,9864,7125,5454,1616,,285,,567,346,16,291,
HSK,10/08/2025,32,August,2025,8,2,3,31792,28579,3309,4082.714286,10057,0.351901746,579.58,5.709306739,49.30984506,0.175152614,0.175152614,8.636748262,,95,75,4.4,8992.75,0.314662864,,39,408,89,9.3,,7411,7414,9502,4664,4229,,851,,,1107,,341,
SOT,10/08/2025,32,August,2025,8,2,3,21411,21411,7,3058.714286,7646.47,0.357128112,415.73,0.016837851,51.50217689,0.019416655,59.39,3058.714286,,90.8,59.5,4.4,10736,0.501424501,,,,78,8.3,,8278,,,,,21411,,,,,,,
BPS,17/08/2025,33,August,2025,8,3,3,28720,25263,2474,3609,9174.33,0.363152832,536,4.615671642,47.13246269,0.216653193,0.216653193,10.21139854,,80,33,4.4,8196.13,0.324432174,,42,419,96,8.8,,6601,9902,6230,5654,1538,,500,,498,573.1,8.5,374,
HSK,17/08/2025,33,August,2025,8,3,3,31532,28451,3156,4064.428571,9074.46,0.318950476,561.55,5.62015849,50.66512332,0.177930925,0.177930925,9.014892269,,100,100,4.4,8824.15,0.310152543,,47,312,89,9.1,,7231,6733,9284,4485,4692,,1737,,,1380.49,,242,
SOT,17/08/2025,33,August,2025,8,3,3,21127,21127,7,3018.142857,8217.4,0.388952525,486.5,0.014388489,43.42651593,0.023027406,69.5,3018.142857,,90,66.5,4.4,9248.03,0.437735126,,,,78,7.9,,8193,,,,,21127,,,,,,,
BPS,24/08/2025,34,August,2025,8,4,3,30541,26836,2540,3833.714286,8736.61,0.325555597,501.55,5.064300668,53.50613099,0.018689447,0.19746063,10.56535433,,84.4,22,4.4,8538.37,0.318168505,,40,477,96,8.8,,6860,11116,6434,5868,1418,,505,,461,738.41,,272,
HSK,24/08/2025,34,August,2025,8,4,3,32174,28934,3199,4133.428571,8665.49,0.299491602,543.72,5.883543,53.21489002,0.018791733,0.169965614,9.044701469,,90,50,4.4,8739.98,0.302066081,,54,330,89,9.2,,7243,7591,9167,4618,4548,,1707,,,978.41,,341.96,
SOT,24/08/2025,34,August,2025,8,4,3,20141,20141,7,2877.285714,7747.03,0.384639789,457.68,0.015294529,44.00672959,0.022723797,65.38285714,2877.285714,,87.2,36,4.4,10213.83,0.50711633,,,,78,9,,7788,,,,,20141,,,,,,,
BPS,31/08/2025,35,August,2025,9,1,3,33538,29474,2647,4210.571429,8874.05,0.301080613,509.42,5.196105375,57.85795611,0.017283708,0.192451832,11.13486966,,90,75,4.4,9136.57,0.309987447,,35,437,96,8.6,,7666,11633,7340,6413,2232,,468.65,,499,672,,216.72,
HSK,31/08/2025,35,August,2025,9,1,3,34844,31288,3217,4469.714286,8306.72,0.265492201,535.75,6.004666356,58.40037331,0.017123178,0.166537146,9.72583152,,100,100,4.4,8869.71,0.283486001,,60,356,89,8.9,,7660,7422,11309,4853,4691,,1320.5,,,1382.2,,333.7,
SOT,31/08/2025,35,August,2025,9,1,3,23785,23785,7,3397.857143,7743.87,0.325577885,454.53,0.015400524,52.32877918,0.019109943,64.93285714,3397.857143,,95,87.5,4.4,12065.19,0.507260458,,,,78,8.5,,9180,,,,,23785,,,,,,,
BPS,07/09/2025,36,September,2025,9,2,3,30606,26904,2575,3843.428571,9157.07,0.340360913,533.92,4.822819898,50.38957147,0.019845376,0.207347573,10.44815534,,62.4,-38,4.4,8701.06,0.323411389,,42,433,96,9.3,,6717,9702,7087,5888,1440,,973,,555,585,,137.24,
HSK,07/09/2025,36,September,2025,9,2,3,34731,31277,3141,4468.142857,8844.03,0.282764651,542.47,5.790181946,57.65664461,0.017344055,0.172706145,9.957656797,,100,100,4.4,9003.35,0.28785849,,59,359,89,9,,7407,7641,11133,4605,4351,,2409,,,898,,284,
SOT,07/09/2025,36,September,2025,9,2,3,21165,21165,7,3023.571429,7686.47,0.363168911,452.5,0.015469613,46.77348066,0.021379636,64.64285714,3023.571429,,81.2,31,4.4,10727.87,0.506868415,,,,78,9,,8210,,,,,21165,,,,,,,
BPS,14/09/2025,37,September,2025,9,3,3,26880,23446,2282,3349.428571,8849.5,0.377441781,510.97,4.466015617,45.88527702,0.021793483,0.223913234,10.27432077,,95,75,4.4,7502.72,0.32,,38,318,96,8.7,,6074,8962,5739,4989,1265,,639,,476,688.82,20.4,223.64,20
HSK,14/09/2025,37,September,2025,9,3,3,36015,32458,3288,4636.857143,9356.77,0.288273153,577.772,5.690826139,56.17786947,0.017800604,0.175721411,9.871654501,,90,50,4.4,9412.82,0.29,,52,368,89,9.3,,7698,8021,10840,4999,4311,,1303,1241,,1277,,207,2.7
SOT,14/09/2025,37,September,2025,9,3,3,21925,21925,7,3132.142857,4851.612772,0.221282224,269.9,0.025935532,81.23379029,0.012310148,38.55714286,3132.142857,,92.5,62.5,4.4,11101.99,0.506362144,,,,78,9.3,,8556,,,,,,,,,,,,
BPS,14/09/2025,38,September,2025,9,4,3,28245,25061,2356,3580.142857,8749.65,0.349134113,508.37,4.634419812,49.29677204,0.020285304,0.21577674,10.63709677,,80,0,4.4,8019.52,0.32,,31,306,96,8.9,,6059,8255,6140,4882,1306,,2805,,549,477,,131,
HSK,14/09/2025,38,September,2025,9,4,3,38299,34626,3493,4946.571429,9007.15,0.260126783,567.3,6.15723603,61.03648863,0.016383642,0.162410535,9.912968795,,88.8,44,4.4,10041.54,0.29,,55,366,94,9.3,,8069,8137,11185,5192,4778,,3399,,,1262,14.7,234.96,5.1
SOT,14/09/2025,38,September,2025,9,4,3,22456.4,22456.4,7,3208.057143,4764.8,0.212180047,263.68,0.02654733,85.16535194,0.011741864,37.66857143,3208.057143,,84.4,22,4.4,11366.51,0.506159046,,,,79,8.9,,8743,,,,,22456.4,,,,,,,